respondent_id,xyz_vaccine,seasonal_vaccine
26707,0.13,0.29
26708,0.83,0.2
26709,0.08,0.78
26710,0.72,0.93
26711,0.16,0.54
26712,0.05,0.75
26713,0.16,0.53
26714,0.02,0.04
26715,0.13,0.06
26716,0.71,0.9
26717,0.88,0.47
26718,0.12,0.59
26719,0.95,0.51
26720,0.09,0.3
26721,0.11,0.45
26722,0.01,0.35
26723,0.03,0.56
26724,0.79,0.57
26725,0.09,0.13
26726,0.04,0.16
26727,0.05,0.78
26728,0.81,0.56
26729,0.01,0.5
26730,0.07,0.27
26731,0.04,0.49
26732,0.0,0.53
26733,0.03,0.85
26734,0.02,0.35
26735,0.07,0.45
26736,0.75,0.31
26737,0.02,0.1
26738,0.64,0.55
26739,0.03,0.54
26740,0.2,0.21
26741,0.14,0.64
26742,0.13,0.55
26743,0.03,0.59
26744,0.06,0.71
26745,0.07,0.63
26746,0.22,0.45
26747,0.76,0.16
26748,0.25,0.24
26749,0.88,0.45
26750,0.11,0.69
26751,0.06,0.58
26752,0.09,0.35
26753,0.66,0.55
26754,0.84,0.42
26755,0.02,0.25
26756,0.04,0.05
26757,0.8,0.55
26758,0.92,0.56
26759,0.04,0.34
26760,0.04,0.19
26761,0.1,0.51
26762,0.06,0.69
26763,0.11,0.93
26764,0.01,0.77
26765,0.07,0.52
26766,0.06,0.39
26767,0.82,0.57
26768,0.03,0.42
26769,0.04,0.27
26770,0.69,0.48
26771,0.06,0.5
26772,0.0,0.58
26773,0.09,0.36
26774,0.03,0.49
26775,0.0,0.58
26776,0.07,0.51
26777,0.02,0.87
26778,0.0,0.19
26779,0.21,0.86
26780,0.05,0.75
26781,0.82,0.44
26782,0.02,0.26
26783,0.77,0.16
26784,0.02,0.61
26785,0.1,0.6
26786,0.81,0.26
26787,0.1,0.49
26788,0.02,0.63
26789,0.66,0.33
26790,0.08,0.22
26791,0.05,0.14
26792,0.01,0.54
26793,0.04,0.69
26794,0.0,0.78
26795,0.02,0.83
26796,0.02,0.0
26797,0.01,0.67
26798,0.03,0.32
26799,0.05,0.53
26800,0.92,0.96
26801,0.08,0.41
26802,0.28,0.4
26803,0.09,0.38
26804,0.93,0.23
26805,0.87,0.25
26806,0.04,0.67
26807,0.09,0.74
26808,0.01,0.53
26809,0.02,0.22
26810,0.04,0.36
26811,0.18,0.42
26812,0.12,0.67
26813,0.82,0.46
26814,0.01,0.46
26815,0.03,0.04
26816,0.0,0.31
26817,0.11,0.6
26818,0.16,0.3
26819,0.05,0.21
26820,0.02,0.32
26821,0.01,0.49
26822,0.17,0.67
26823,0.75,0.33
26824,0.88,0.55
26825,0.02,0.78
26826,0.04,0.56
26827,0.11,0.21
26828,0.64,0.39
26829,0.03,0.82
26830,0.02,0.62
26831,0.17,0.53
26832,0.03,0.82
26833,0.05,0.53
26834,0.0,0.59
26835,0.03,0.68
26836,0.02,0.6
26837,0.9,0.05
26838,0.01,0.47
26839,0.87,0.61
26840,0.03,0.51
26841,0.11,0.58
26842,0.01,0.35
26843,0.74,0.11
26844,0.01,0.31
26845,0.08,0.73
26846,0.01,0.73
26847,0.04,0.23
26848,0.61,0.8
26849,0.2,0.46
26850,0.07,0.64
26851,0.09,0.11
26852,0.11,0.05
26853,0.0,0.44
26854,0.95,0.1
26855,0.04,0.76
26856,0.83,0.33
26857,0.09,0.33
26858,0.76,0.3
26859,0.1,0.15
26860,0.22,0.12
26861,0.13,0.2
26862,0.09,0.34
26863,0.0,0.51
26864,0.15,0.31
26865,0.01,0.07
26866,0.02,0.53
26867,0.06,0.24
26868,0.07,0.73
26869,0.78,0.41
26870,0.06,0.66
26871,0.09,0.28
26872,0.1,0.5
26873,0.05,0.72
26874,0.92,0.24
26875,0.02,0.53
26876,0.8,0.44
26877,0.02,0.27
26878,0.89,0.3
26879,0.0,0.38
26880,0.02,0.31
26881,0.01,0.06
26882,0.72,0.02
26883,0.01,0.42
26884,0.9,0.44
26885,0.94,0.59
26886,0.15,0.8
26887,0.05,0.89
26888,0.96,0.94
26889,0.02,0.32
26890,0.03,0.61
26891,0.98,0.79
26892,0.19,0.41
26893,0.0,0.21
26894,0.15,0.45
26895,0.28,0.92
26896,0.01,0.04
26897,0.18,0.25
26898,0.89,0.6
26899,0.1,0.31
26900,0.95,0.23
26901,0.03,0.44
26902,0.85,0.55
26903,0.84,0.28
26904,0.67,0.42
26905,0.95,0.58
26906,0.21,0.54
26907,0.12,0.46
26908,0.04,0.68
26909,0.9,0.29
26910,0.27,0.38
26911,0.13,0.21
26912,0.05,0.79
26913,0.0,0.76
26914,0.03,0.17
26915,0.05,0.65
26916,0.1,0.27
26917,0.0,0.35
26918,0.84,0.94
26919,0.01,0.54
26920,0.01,0.03
26921,0.14,0.64
26922,0.0,0.76
26923,0.03,0.61
26924,0.05,0.82
26925,0.38,0.83
26926,0.02,0.56
26927,0.05,0.64
26928,0.83,0.55
26929,0.02,0.35
26930,0.14,0.79
26931,0.25,0.42
26932,0.07,0.57
26933,0.77,0.56
26934,0.02,0.55
26935,0.74,0.5
26936,0.07,0.53
26937,0.03,0.76
26938,0.06,0.03
26939,0.83,0.43
26940,0.02,0.32
26941,0.76,0.56
26942,0.76,0.69
26943,0.0,0.62
26944,0.69,0.04
26945,0.91,0.59
26946,0.01,0.75
26947,0.78,0.54
26948,0.09,0.34
26949,0.06,0.39
26950,0.05,0.39
26951,0.0,0.33
26952,0.72,0.77
26953,0.0,0.79
26954,0.01,0.18
26955,0.08,0.85
26956,0.08,0.4
26957,0.0,0.76
26958,0.1,0.59
26959,0.13,0.35
26960,0.68,0.07
26961,0.02,0.42
26962,1.0,0.75
26963,0.05,0.52
26964,0.88,0.24
26965,0.13,0.78
26966,0.06,0.28
26967,0.04,0.48
26968,0.02,0.8
26969,0.11,0.34
26970,0.11,0.49
26971,0.02,0.14
26972,0.02,0.43
26973,0.01,0.16
26974,0.93,0.29
26975,0.11,0.56
26976,0.08,0.56
26977,0.08,0.53
26978,0.05,0.62
26979,0.66,0.83
26980,0.0,0.15
26981,0.16,0.41
26982,0.06,0.88
26983,0.0,0.44
26984,0.03,0.29
26985,0.05,0.21
26986,0.08,0.28
26987,0.01,0.16
26988,0.76,0.12
26989,0.04,0.85
26990,0.05,0.12
26991,0.02,0.45
26992,0.02,0.58
26993,0.01,0.93
26994,0.0,0.4
26995,0.0,0.38
26996,0.01,0.45
26997,0.08,0.05
26998,0.0,0.12
26999,0.69,0.4
27000,0.18,0.35
27001,0.01,0.83
27002,0.01,0.47
27003,0.82,0.19
27004,0.84,0.43
27005,0.93,0.79
27006,0.07,0.76
27007,0.91,0.37
27008,0.03,0.22
27009,0.0,0.47
27010,0.14,0.01
27011,0.04,0.19
27012,0.04,0.55
27013,0.0,0.56
27014,0.04,0.5
27015,0.23,0.45
27016,0.82,0.18
27017,0.94,0.87
27018,0.02,0.08
27019,0.01,0.91
27020,0.02,0.37
27021,0.95,0.39
27022,0.17,0.23
27023,0.8,0.27
27024,0.13,0.32
27025,0.0,0.19
27026,0.04,0.45
27027,0.03,0.73
27028,0.01,0.46
27029,0.04,0.46
27030,0.02,0.2
27031,0.68,0.72
27032,0.24,0.6
27033,0.1,0.66
27034,0.1,0.42
27035,0.05,0.37
27036,0.1,0.66
27037,0.09,0.68
27038,0.99,0.02
27039,0.0,0.65
27040,0.94,0.43
27041,0.01,0.53
27042,0.02,0.44
27043,0.12,0.68
27044,0.88,0.16
27045,0.05,0.61
27046,0.01,0.24
27047,0.02,0.57
27048,0.17,0.64
27049,0.18,0.68
27050,0.0,0.67
27051,0.01,0.48
27052,0.09,0.25
27053,0.08,0.85
27054,0.09,0.15
27055,0.0,0.68
27056,0.0,0.27
27057,0.0,0.12
27058,0.78,0.77
27059,0.04,0.04
27060,0.03,0.2
27061,0.21,0.42
27062,0.96,0.48
27063,0.76,0.67
27064,0.03,0.55
27065,0.01,0.42
27066,0.05,0.5
27067,0.0,0.73
27068,0.01,0.8
27069,0.63,0.79
27070,0.11,0.09
27071,0.8,0.07
27072,0.92,0.58
27073,0.06,0.67
27074,0.11,0.46
27075,0.09,0.61
27076,0.02,0.51
27077,0.11,0.03
27078,0.71,0.79
27079,0.0,0.69
27080,0.01,0.22
27081,0.0,0.7
27082,0.38,0.6
27083,0.13,0.37
27084,0.02,0.57
27085,0.95,0.05
27086,0.03,0.27
27087,0.09,0.2
27088,0.05,0.73
27089,0.12,0.27
27090,0.01,0.71
27091,0.68,0.51
27092,0.13,0.4
27093,0.02,0.3
27094,0.3,0.06
27095,0.12,0.62
27096,0.09,0.37
27097,0.0,0.58
27098,0.72,0.95
27099,0.6,0.63
27100,0.19,0.57
27101,0.93,0.82
27102,0.93,0.78
27103,0.16,0.15
27104,0.01,0.41
27105,0.77,0.37
27106,0.03,0.7
27107,0.8,0.72
27108,0.67,0.41
27109,1.0,0.1
27110,0.02,0.3
27111,0.16,0.67
27112,0.04,0.66
27113,0.05,0.04
27114,0.13,0.33
27115,0.86,0.81
27116,0.01,0.94
27117,0.0,0.41
27118,0.01,0.6
27119,0.02,0.32
27120,0.01,0.89
27121,0.25,0.77
27122,0.12,0.65
27123,0.04,0.25
27124,0.03,0.29
27125,0.04,0.1
27126,0.17,0.33
27127,0.15,0.19
27128,0.05,0.51
27129,0.01,0.34
27130,0.03,0.38
27131,0.03,0.06
27132,0.0,0.8
27133,0.72,0.67
27134,0.33,0.76
27135,0.16,0.39
27136,0.04,0.59
27137,0.07,0.3
27138,0.0,0.41
27139,0.04,0.14
27140,0.01,0.92
27141,0.1,0.68
27142,0.02,0.18
27143,0.05,0.48
27144,0.06,0.02
27145,0.05,0.83
27146,0.03,0.63
27147,0.05,0.34
27148,0.05,0.04
27149,0.07,0.04
27150,0.01,0.65
27151,0.16,0.78
27152,0.02,0.18
27153,0.06,0.71
27154,0.02,0.91
27155,0.09,0.74
27156,0.0,0.14
27157,0.16,0.62
27158,0.97,0.32
27159,0.0,0.12
27160,0.66,0.31
27161,0.01,0.62
27162,0.01,0.72
27163,0.14,0.54
27164,0.19,0.29
27165,0.78,0.67
27166,0.06,0.3
27167,0.69,0.59
27168,0.87,0.61
27169,0.03,0.66
27170,0.09,0.84
27171,0.13,0.27
27172,0.03,0.9
27173,0.7,0.48
27174,0.06,0.25
27175,0.75,0.27
27176,0.03,0.91
27177,0.64,0.88
27178,0.64,0.16
27179,0.62,0.28
27180,0.04,0.44
27181,0.08,0.84
27182,0.01,0.7
27183,0.07,0.66
27184,0.01,0.5
27185,0.01,0.58
27186,0.14,0.89
27187,0.99,0.26
27188,0.01,0.38
27189,0.12,0.85
27190,0.07,0.68
27191,0.02,0.95
27192,0.99,0.73
27193,0.96,0.34
27194,0.06,0.53
27195,0.01,0.07
27196,0.02,0.23
27197,0.02,0.68
27198,0.08,0.74
27199,0.03,0.39
27200,0.89,0.57
27201,0.71,0.77
27202,0.02,0.44
27203,0.03,0.11
27204,0.01,0.0
27205,0.09,0.41
27206,0.02,0.2
27207,0.02,0.36
27208,0.08,0.61
27209,0.02,0.41
27210,0.75,0.46
27211,0.02,0.28
27212,0.04,0.86
27213,0.23,0.55
27214,0.8,0.02
27215,0.0,0.57
27216,0.18,0.85
27217,0.76,0.24
27218,0.02,0.68
27219,0.0,0.66
27220,0.03,0.63
27221,0.01,0.7
27222,0.01,0.7
27223,0.05,0.66
27224,0.92,0.48
27225,0.88,0.3
27226,0.03,0.29
27227,0.81,0.34
27228,0.05,0.69
27229,0.04,0.7
27230,0.0,0.82
27231,0.06,0.83
27232,0.69,0.6
27233,0.02,0.41
27234,0.16,0.31
27235,0.15,0.91
27236,0.75,0.95
27237,0.11,0.82
27238,0.0,0.87
27239,0.03,0.26
27240,0.04,0.34
27241,0.04,0.11
27242,0.84,0.59
27243,0.08,0.08
27244,0.1,0.03
27245,0.03,0.37
27246,0.07,0.99
27247,0.66,1.0
27248,0.09,0.88
27249,0.61,0.69
27250,0.02,0.13
27251,0.77,0.65
27252,0.05,0.53
27253,0.09,0.69
27254,0.03,0.98
27255,0.01,0.26
27256,0.01,0.94
27257,0.03,0.74
27258,0.8,0.73
27259,0.13,0.62
27260,0.7,0.34
27261,0.23,0.7
27262,0.7,0.46
27263,0.06,0.06
27264,0.0,0.22
27265,0.01,0.47
27266,0.7,0.4
27267,0.67,0.55
27268,0.03,0.2
27269,0.13,0.55
27270,0.93,0.2
27271,0.96,0.24
27272,0.0,0.59
27273,0.0,0.22
27274,0.02,0.53
27275,0.02,0.36
27276,0.13,0.26
27277,0.03,0.74
27278,0.04,0.33
27279,0.08,0.36
27280,0.03,0.36
27281,0.01,0.51
27282,0.68,0.73
27283,0.0,0.26
27284,0.05,0.53
27285,0.17,0.32
27286,0.02,0.48
27287,0.06,0.45
27288,0.02,0.78
27289,0.94,0.48
27290,0.01,0.11
27291,0.0,0.77
27292,0.96,0.61
27293,0.26,0.8
27294,0.04,0.11
27295,0.19,0.9
27296,0.05,0.81
27297,0.01,0.82
27298,0.03,0.22
27299,0.0,0.74
27300,0.05,0.82
27301,0.94,0.05
27302,0.2,0.83
27303,0.01,0.39
27304,0.05,0.82
27305,0.78,0.03
27306,0.09,0.42
27307,0.05,0.92
27308,0.04,0.36
27309,0.98,0.97
27310,0.02,0.36
27311,0.01,0.25
27312,0.62,0.52
27313,0.01,0.11
27314,0.01,0.06
27315,0.02,0.32
27316,0.0,0.75
27317,0.06,0.32
27318,0.0,0.46
27319,0.01,0.72
27320,0.04,0.75
27321,0.15,0.74
27322,0.1,0.6
27323,0.01,0.41
27324,0.99,0.53
27325,0.07,0.73
27326,0.8,0.55
27327,0.74,0.57
27328,0.05,0.32
27329,0.12,0.19
27330,0.85,0.79
27331,0.05,0.3
27332,0.0,0.75
27333,0.22,0.68
27334,0.06,0.05
27335,0.04,0.27
27336,0.14,0.32
27337,0.16,0.6
27338,0.89,0.44
27339,0.88,0.44
27340,0.1,0.05
27341,0.82,0.44
27342,0.05,0.47
27343,0.74,0.01
27344,0.0,0.56
27345,0.91,0.38
27346,0.05,0.75
27347,0.86,0.85
27348,0.84,0.33
27349,0.01,0.2
27350,0.04,0.7
27351,0.93,0.86
27352,0.96,0.48
27353,0.14,0.16
27354,0.0,0.79
27355,0.28,0.23
27356,0.13,0.85
27357,0.0,0.61
27358,0.02,0.57
27359,0.0,0.73
27360,0.89,0.72
27361,0.07,0.76
27362,0.14,0.47
27363,0.01,0.17
27364,0.09,0.54
27365,0.76,0.58
27366,0.01,0.48
27367,0.82,0.59
27368,0.03,0.39
27369,0.06,0.06
27370,0.02,0.66
27371,0.07,0.51
27372,0.03,0.26
27373,0.02,0.82
27374,0.81,0.26
27375,0.29,0.82
27376,0.0,0.44
27377,0.7,0.75
27378,0.14,0.39
27379,0.0,0.26
27380,0.89,0.69
27381,0.06,0.55
27382,0.0,0.53
27383,0.97,0.57
27384,0.02,0.57
27385,0.03,0.86
27386,0.02,0.75
27387,0.07,0.71
27388,0.09,0.25
27389,0.02,0.07
27390,0.68,0.08
27391,0.04,0.75
27392,0.0,0.71
27393,0.14,0.05
27394,0.94,0.34
27395,0.27,0.54
27396,0.09,0.19
27397,0.02,0.95
27398,0.67,0.68
27399,0.89,0.58
27400,0.08,0.59
27401,0.01,0.37
27402,0.13,0.59
27403,0.09,0.18
27404,0.74,0.26
27405,0.2,0.91
27406,0.0,0.28
27407,0.01,0.11
27408,0.06,0.56
27409,0.0,0.92
27410,0.14,0.05
27411,0.07,0.16
27412,0.0,0.48
27413,0.14,0.42
27414,0.77,0.78
27415,0.01,0.42
27416,0.89,0.38
27417,0.01,0.42
27418,0.04,0.42
27419,0.79,0.76
27420,0.0,0.22
27421,0.12,0.36
27422,0.18,0.7
27423,0.01,0.25
27424,0.14,0.63
27425,0.01,0.57
27426,0.04,0.3
27427,0.04,0.23
27428,0.96,0.11
27429,0.02,0.46
27430,0.01,0.48
27431,0.18,0.61
27432,0.25,0.55
27433,0.02,0.7
27434,0.0,0.39
27435,0.41,0.46
27436,0.0,0.14
27437,0.19,0.36
27438,0.01,0.25
27439,0.12,0.49
27440,0.21,0.4
27441,0.01,0.87
27442,0.02,0.67
27443,0.18,0.17
27444,0.83,0.08
27445,0.01,0.1
27446,0.07,0.27
27447,0.05,0.41
27448,0.19,0.59
27449,0.12,0.62
27450,0.78,0.58
27451,0.13,0.12
27452,0.0,0.22
27453,0.06,0.73
27454,0.14,0.36
27455,0.0,0.29
27456,0.06,0.5
27457,0.0,0.2
27458,0.88,0.49
27459,0.01,0.22
27460,0.14,0.86
27461,0.0,0.17
27462,0.78,0.43
27463,0.04,0.42
27464,0.03,0.59
27465,0.04,0.87
27466,0.67,0.27
27467,0.05,0.36
27468,0.11,0.4
27469,0.02,0.47
27470,0.92,0.76
27471,0.13,0.91
27472,0.97,0.71
27473,0.0,0.21
27474,0.0,0.41
27475,0.03,0.05
27476,0.14,0.62
27477,0.1,0.15
27478,0.23,0.84
27479,0.03,0.25
27480,0.02,0.66
27481,0.06,0.71
27482,0.05,0.36
27483,0.15,0.69
27484,0.03,0.7
27485,0.01,0.85
27486,0.99,0.38
27487,0.24,0.97
27488,0.1,0.63
27489,0.01,0.84
27490,0.75,0.43
27491,0.11,0.42
27492,0.04,0.47
27493,0.08,0.94
27494,0.79,0.68
27495,0.05,0.31
27496,0.0,0.08
27497,0.05,0.13
27498,0.03,0.74
27499,0.14,0.92
27500,0.1,0.85
27501,0.02,0.38
27502,0.06,0.62
27503,0.07,0.78
27504,0.01,0.09
27505,0.1,0.18
27506,0.08,0.88
27507,0.04,0.26
27508,0.84,0.28
27509,0.14,0.63
27510,0.0,0.22
27511,0.91,0.66
27512,0.0,0.34
27513,0.78,0.51
27514,0.01,0.62
27515,0.94,0.44
27516,0.04,0.72
27517,0.01,0.06
27518,0.71,0.82
27519,0.03,0.04
27520,0.05,0.1
27521,0.02,0.33
27522,0.0,0.21
27523,0.11,0.17
27524,0.01,0.47
27525,0.01,0.29
27526,0.03,0.65
27527,0.16,0.98
27528,0.03,0.96
27529,0.95,0.65
27530,0.22,0.1
27531,0.11,0.16
27532,0.02,0.7
27533,0.02,0.63
27534,0.0,0.1
27535,0.06,0.78
27536,0.15,0.55
27537,0.91,0.67
27538,0.19,0.41
27539,0.13,0.65
27540,0.34,0.31
27541,0.24,0.99
27542,0.01,0.18
27543,0.09,0.75
27544,0.0,0.37
27545,0.75,0.18
27546,0.26,0.65
27547,0.03,0.37
27548,0.71,0.94
27549,0.07,0.9
27550,0.0,0.38
27551,0.13,0.57
27552,0.12,0.86
27553,0.01,0.39
27554,0.07,0.38
27555,0.0,0.29
27556,0.03,0.54
27557,0.04,0.99
27558,0.08,0.21
27559,0.04,0.86
27560,0.0,0.78
27561,0.01,0.63
27562,0.32,0.69
27563,0.09,0.59
27564,0.01,0.37
27565,0.05,0.14
27566,0.04,0.24
27567,0.01,0.53
27568,0.07,0.73
27569,0.02,0.36
27570,0.09,0.78
27571,0.56,0.15
27572,0.0,0.06
27573,0.79,0.13
27574,0.07,0.34
27575,0.02,0.38
27576,0.06,0.2
27577,0.02,0.45
27578,0.91,0.28
27579,0.02,0.59
27580,0.01,0.68
27581,0.0,0.11
27582,0.03,0.03
27583,0.68,0.08
27584,0.01,0.47
27585,0.0,0.51
27586,0.02,0.51
27587,0.01,0.84
27588,0.05,0.34
27589,0.06,0.51
27590,0.08,0.52
27591,0.82,0.58
27592,0.85,0.1
27593,0.0,0.12
27594,0.02,0.67
27595,0.09,0.21
27596,0.95,0.25
27597,0.03,0.33
27598,0.0,0.3
27599,0.02,0.75
27600,0.06,0.62
27601,0.02,0.73
27602,0.12,0.84
27603,0.18,0.1
27604,0.0,0.31
27605,0.03,0.65
27606,0.01,0.24
27607,0.14,0.58
27608,0.17,0.54
27609,0.0,0.65
27610,0.02,0.71
27611,0.02,0.22
27612,0.63,0.6
27613,0.03,0.9
27614,0.1,0.22
27615,0.07,0.93
27616,0.01,0.09
27617,0.04,0.46
27618,0.0,0.51
27619,0.1,0.21
27620,0.03,0.62
27621,0.03,0.51
27622,0.01,0.92
27623,0.0,0.75
27624,0.03,0.67
27625,0.01,0.38
27626,0.21,0.08
27627,0.11,0.69
27628,0.08,0.67
27629,0.0,0.15
27630,0.06,0.58
27631,0.17,0.42
27632,0.0,0.22
27633,0.0,0.7
27634,0.0,0.45
27635,0.03,0.21
27636,0.71,0.87
27637,0.03,0.09
27638,0.2,0.31
27639,0.72,0.14
27640,0.0,0.54
27641,0.16,0.31
27642,0.02,0.61
27643,0.0,0.06
27644,0.11,0.63
27645,0.04,0.22
27646,0.03,0.46
27647,0.76,0.27
27648,0.01,0.08
27649,0.65,0.28
27650,0.02,0.48
27651,0.04,0.79
27652,0.0,0.41
27653,0.0,0.19
27654,0.12,0.5
27655,0.0,0.42
27656,0.12,0.26
27657,0.01,0.37
27658,0.18,0.5
27659,0.9,0.12
27660,0.06,0.34
27661,0.12,0.12
27662,0.03,0.56
27663,0.0,0.84
27664,0.02,0.32
27665,0.02,0.54
27666,0.01,0.95
27667,0.0,0.25
27668,0.07,0.88
27669,0.0,0.71
27670,0.01,0.98
27671,0.82,0.77
27672,0.01,0.16
27673,0.02,0.35
27674,0.0,0.33
27675,0.32,0.64
27676,0.17,0.74
27677,0.76,0.28
27678,0.8,0.17
27679,0.01,0.51
27680,0.11,0.89
27681,0.01,0.07
27682,0.01,0.79
27683,0.02,0.61
27684,0.11,0.09
27685,0.88,0.09
27686,0.65,0.5
27687,0.03,0.23
27688,0.0,0.55
27689,0.01,0.92
27690,0.2,0.84
27691,0.19,0.88
27692,0.74,0.33
27693,0.76,0.64
27694,0.0,0.55
27695,0.06,0.43
27696,0.86,0.65
27697,0.73,0.79
27698,0.0,0.49
27699,0.08,0.24
27700,0.01,0.34
27701,0.92,0.4
27702,0.03,0.59
27703,0.01,0.17
27704,0.04,0.04
27705,0.02,0.66
27706,0.01,0.7
27707,0.11,0.45
27708,0.08,0.64
27709,0.12,0.42
27710,0.0,0.41
27711,0.04,0.67
27712,0.02,0.17
27713,0.02,0.05
27714,0.02,0.15
27715,0.09,0.69
27716,0.09,0.4
27717,0.03,0.35
27718,0.02,0.3
27719,0.05,0.07
27720,0.04,0.38
27721,0.16,0.29
27722,0.04,0.56
27723,0.94,0.86
27724,0.01,0.27
27725,0.19,0.65
27726,0.01,0.27
27727,0.0,0.9
27728,0.03,0.31
27729,0.96,0.14
27730,0.02,0.64
27731,0.03,0.99
27732,0.0,0.91
27733,0.08,0.21
27734,0.0,0.53
27735,0.06,0.51
27736,0.07,0.32
27737,0.01,0.75
27738,0.14,0.99
27739,0.05,0.81
27740,0.91,0.29
27741,0.02,0.68
27742,0.07,0.56
27743,0.0,0.81
27744,0.18,0.57
27745,0.8,0.84
27746,0.02,0.88
27747,0.01,0.27
27748,0.01,0.3
27749,0.16,0.6
27750,0.15,0.27
27751,0.02,0.19
27752,0.13,0.69
27753,0.12,0.18
27754,0.66,0.64
27755,0.83,0.98
27756,0.07,0.29
27757,0.0,0.01
27758,0.0,0.9
27759,0.04,0.08
27760,0.07,0.55
27761,0.0,0.73
27762,0.0,0.24
27763,0.1,0.61
27764,0.07,0.42
27765,0.0,0.26
27766,0.04,0.96
27767,0.0,0.79
27768,0.03,0.06
27769,0.03,0.34
27770,0.04,0.69
27771,0.73,0.6
27772,0.0,0.96
27773,0.03,0.47
27774,0.3,0.26
27775,0.06,0.26
27776,0.85,0.31
27777,0.05,0.58
27778,0.11,0.29
27779,0.0,0.2
27780,0.1,0.82
27781,0.02,0.1
27782,0.17,0.95
27783,0.1,0.8
27784,0.02,0.3
27785,0.1,0.25
27786,0.31,0.23
27787,0.68,0.29
27788,0.01,0.14
27789,0.0,0.76
27790,0.14,0.72
27791,0.59,0.38
27792,0.08,0.59
27793,0.01,0.25
27794,0.74,0.16
27795,0.01,0.76
27796,0.72,0.57
27797,0.09,0.63
27798,0.1,0.09
27799,0.86,0.24
27800,0.0,0.42
27801,0.67,0.29
27802,0.2,0.92
27803,0.23,0.01
27804,0.15,0.84
27805,0.01,0.33
27806,0.78,0.81
27807,0.68,0.77
27808,0.02,0.39
27809,0.98,0.76
27810,0.05,0.43
27811,0.01,0.12
27812,0.06,0.1
27813,0.09,0.51
27814,0.24,0.23
27815,0.04,0.4
27816,0.02,0.77
27817,0.16,0.42
27818,0.81,0.69
27819,0.02,0.29
27820,0.01,0.77
27821,0.98,0.21
27822,0.71,0.17
27823,0.06,0.41
27824,0.03,0.84
27825,0.84,0.31
27826,0.75,0.62
27827,0.01,0.16
27828,0.08,0.12
27829,0.19,0.14
27830,0.1,0.13
27831,0.84,0.58
27832,0.21,0.44
27833,0.04,0.4
27834,0.1,0.8
27835,0.1,0.75
27836,0.03,0.95
27837,0.77,0.85
27838,0.86,0.6
27839,0.0,0.24
27840,0.66,0.61
27841,0.02,0.36
27842,0.27,0.89
27843,0.03,0.39
27844,0.02,0.87
27845,0.73,0.79
27846,0.12,0.26
27847,0.87,0.45
27848,0.08,0.79
27849,0.09,0.89
27850,0.1,0.15
27851,0.92,0.33
27852,0.0,0.63
27853,0.13,0.18
27854,0.0,0.6
27855,0.72,0.64
27856,0.09,0.87
27857,0.02,0.62
27858,0.0,0.69
27859,0.1,0.88
27860,0.86,0.79
27861,0.17,0.11
27862,0.77,0.34
27863,0.06,0.19
27864,0.33,0.3
27865,0.66,0.4
27866,0.19,0.66
27867,0.02,0.44
27868,0.71,0.83
27869,0.85,0.6
27870,0.68,0.13
27871,0.06,0.59
27872,0.08,0.18
27873,0.22,0.1
27874,0.01,0.62
27875,0.0,0.46
27876,0.01,0.16
27877,0.12,0.66
27878,0.18,0.83
27879,0.85,0.62
27880,0.01,0.32
27881,0.08,0.7
27882,0.65,0.49
27883,0.07,0.19
27884,0.0,0.3
27885,0.03,0.36
27886,0.19,0.2
27887,0.07,0.6
27888,0.76,0.21
27889,0.14,0.26
27890,0.74,0.34
27891,0.0,0.6
27892,0.0,0.27
27893,0.79,0.34
27894,0.14,0.56
27895,0.09,0.8
27896,0.11,0.65
27897,0.17,0.03
27898,0.19,0.16
27899,0.78,0.57
27900,0.01,0.92
27901,0.02,0.11
27902,0.05,0.43
27903,0.89,0.16
27904,0.0,0.45
27905,0.97,0.3
27906,0.04,0.6
27907,0.01,0.94
27908,0.03,0.75
27909,0.91,0.26
27910,0.11,0.48
27911,0.72,0.72
27912,0.03,0.55
27913,0.69,0.27
27914,0.0,0.36
27915,0.14,0.49
27916,0.0,0.53
27917,0.03,0.42
27918,0.03,0.9
27919,0.19,0.3
27920,0.02,0.6
27921,0.16,0.68
27922,0.02,0.62
27923,0.08,0.84
27924,0.01,0.24
27925,0.2,0.04
27926,0.87,0.18
27927,0.1,0.21
27928,0.05,0.85
27929,0.03,0.85
27930,0.1,0.36
27931,0.02,0.84
27932,0.06,0.14
27933,0.07,0.2
27934,0.03,0.89
27935,0.0,0.64
27936,0.1,0.83
27937,0.01,0.96
27938,0.01,0.06
27939,0.25,0.12
27940,0.04,0.08
27941,0.03,0.19
27942,0.06,0.21
27943,0.1,0.71
27944,0.09,0.28
27945,0.04,0.31
27946,0.97,0.1
27947,0.05,0.77
27948,0.67,0.23
27949,0.23,0.51
27950,1.0,0.98
27951,0.05,0.76
27952,0.33,0.64
27953,0.68,0.69
27954,0.69,0.91
27955,0.08,0.63
27956,0.06,0.91
27957,0.71,0.36
27958,0.24,0.87
27959,0.99,0.44
27960,0.03,0.56
27961,0.02,0.13
27962,0.06,0.77
27963,0.89,0.24
27964,0.06,0.07
27965,0.04,0.11
27966,0.72,0.84
27967,0.0,0.38
27968,0.01,0.55
27969,0.04,0.73
27970,0.03,0.5
27971,0.78,0.5
27972,0.08,0.59
27973,0.92,0.75
27974,0.02,0.42
27975,0.07,0.38
27976,0.03,0.09
27977,0.04,0.24
27978,0.01,0.32
27979,0.0,0.71
27980,0.15,0.1
27981,0.03,0.4
27982,0.02,0.76
27983,0.09,0.75
27984,0.01,0.56
27985,0.99,0.91
27986,0.77,0.7
27987,0.13,0.64
27988,0.05,0.78
27989,0.02,0.36
27990,0.02,0.58
27991,0.01,0.46
27992,0.05,0.05
27993,0.0,0.23
27994,0.0,0.71
27995,0.98,0.76
27996,0.81,0.06
27997,0.1,0.27
27998,0.07,0.67
27999,0.0,0.86
28000,0.06,0.29
28001,0.27,0.11
28002,0.05,0.07
28003,0.03,0.29
28004,0.97,0.38
28005,0.79,0.36
28006,0.04,0.23
28007,0.77,0.26
28008,0.11,0.73
28009,0.01,0.34
28010,0.08,0.25
28011,0.07,0.69
28012,0.01,0.91
28013,0.0,0.7
28014,0.12,0.21
28015,0.04,0.65
28016,0.01,0.71
28017,0.03,0.19
28018,0.0,0.85
28019,0.03,0.15
28020,0.12,0.11
28021,0.0,0.47
28022,0.06,0.62
28023,0.2,0.38
28024,0.01,0.38
28025,0.03,0.63
28026,0.63,0.33
28027,0.8,0.96
28028,0.09,0.93
28029,0.05,0.62
28030,0.62,0.97
28031,0.85,0.35
28032,0.0,0.48
28033,0.96,0.16
28034,0.0,0.58
28035,0.12,0.24
28036,0.0,0.08
28037,0.07,0.53
28038,0.69,0.14
28039,0.15,0.4
28040,0.01,0.96
28041,0.06,0.71
28042,0.02,0.27
28043,0.66,0.78
28044,0.05,0.35
28045,0.01,0.41
28046,0.87,0.62
28047,0.07,0.83
28048,0.08,0.07
28049,0.87,0.79
28050,0.75,0.2
28051,0.12,0.71
28052,0.88,0.62
28053,0.14,0.2
28054,0.97,0.31
28055,0.94,0.14
28056,0.02,0.99
28057,0.13,0.7
28058,0.05,0.29
28059,0.87,0.31
28060,0.06,0.3
28061,0.02,0.05
28062,0.0,0.32
28063,0.0,0.35
28064,0.02,0.51
28065,0.94,0.39
28066,0.0,0.62
28067,0.03,0.93
28068,0.05,0.18
28069,0.03,0.64
28070,0.06,0.46
28071,0.85,0.39
28072,0.13,0.42
28073,0.67,0.04
28074,0.03,0.63
28075,0.01,0.26
28076,0.0,0.65
28077,0.02,0.15
28078,0.14,0.77
28079,0.14,0.87
28080,0.1,0.32
28081,0.01,0.85
28082,0.0,0.6
28083,0.69,0.01
28084,0.1,0.13
28085,0.02,0.28
28086,0.16,0.65
28087,0.19,1.0
28088,0.0,0.59
28089,0.03,0.23
28090,0.0,0.58
28091,0.95,0.22
28092,0.88,0.01
28093,0.04,0.6
28094,0.0,0.44
28095,0.0,0.86
28096,0.95,0.77
28097,0.02,0.08
28098,0.04,0.38
28099,0.0,0.27
28100,0.02,0.2
28101,0.03,0.92
28102,0.98,0.24
28103,0.02,0.82
28104,0.05,0.96
28105,0.15,0.01
28106,0.07,0.38
28107,0.72,0.11
28108,0.02,0.66
28109,0.99,0.21
28110,0.0,0.97
28111,0.16,0.41
28112,0.01,0.56
28113,0.06,0.71
28114,0.77,0.08
28115,0.05,0.43
28116,0.05,0.38
28117,0.07,0.29
28118,0.0,0.26
28119,0.01,0.72
28120,0.77,0.73
28121,0.01,0.87
28122,0.07,0.08
28123,0.0,0.1
28124,0.02,0.46
28125,0.0,0.52
28126,0.75,0.61
28127,0.02,0.34
28128,0.73,0.11
28129,0.01,0.83
28130,0.78,0.33
28131,0.0,0.15
28132,0.3,0.88
28133,0.89,0.94
28134,0.07,0.28
28135,0.79,0.63
28136,0.01,0.72
28137,0.0,0.25
28138,0.02,0.92
28139,0.81,0.9
28140,0.1,0.91
28141,0.0,0.06
28142,0.63,0.04
28143,0.12,0.45
28144,0.13,0.78
28145,0.03,0.34
28146,0.94,0.37
28147,0.0,0.39
28148,0.07,0.65
28149,0.07,0.1
28150,0.03,0.74
28151,0.06,0.42
28152,0.0,0.5
28153,0.88,0.07
28154,0.0,0.08
28155,0.01,0.78
28156,0.02,0.65
28157,0.03,0.3
28158,0.0,0.82
28159,0.0,0.92
28160,0.97,0.34
28161,0.04,0.8
28162,0.01,0.87
28163,0.01,0.29
28164,0.06,0.76
28165,0.02,0.23
28166,0.04,0.99
28167,0.95,0.11
28168,0.01,0.76
28169,0.03,0.32
28170,0.11,0.39
28171,0.03,0.38
28172,0.0,0.76
28173,0.31,0.07
28174,0.03,0.07
28175,0.0,0.87
28176,0.93,0.26
28177,0.01,0.29
28178,0.01,0.78
28179,0.96,0.44
28180,0.0,0.19
28181,0.02,0.52
28182,0.01,0.7
28183,0.07,0.03
28184,0.01,0.13
28185,0.12,0.35
28186,0.86,0.37
28187,0.05,0.33
28188,0.05,0.13
28189,0.02,0.16
28190,0.57,0.34
28191,0.01,0.15
28192,0.11,0.11
28193,0.04,0.95
28194,0.01,0.46
28195,0.01,0.86
28196,0.06,0.82
28197,0.05,0.49
28198,0.07,0.8
28199,0.01,0.59
28200,0.03,0.31
28201,0.02,0.18
28202,0.17,0.59
28203,0.01,0.83
28204,0.0,0.06
28205,0.02,0.44
28206,0.13,0.2
28207,0.03,0.85
28208,0.0,0.51
28209,0.93,0.48
28210,0.01,0.11
28211,0.7,0.61
28212,0.0,0.84
28213,0.0,0.93
28214,0.13,0.33
28215,0.02,0.51
28216,0.02,0.31
28217,0.01,0.09
28218,0.03,0.69
28219,0.0,0.35
28220,0.1,0.52
28221,0.0,0.15
28222,0.01,0.75
28223,0.75,0.77
28224,0.2,0.11
28225,0.02,0.4
28226,0.82,0.02
28227,0.02,0.97
28228,0.64,0.4
28229,0.0,0.79
28230,0.88,0.02
28231,0.08,0.91
28232,0.04,0.66
28233,0.0,0.37
28234,0.05,0.66
28235,0.02,0.59
28236,0.05,0.13
28237,0.26,0.22
28238,0.04,0.78
28239,0.07,0.6
28240,0.83,0.37
28241,0.02,0.06
28242,0.77,0.65
28243,0.13,0.32
28244,0.01,0.81
28245,0.02,0.36
28246,0.0,0.07
28247,0.96,0.14
28248,0.06,0.45
28249,0.95,0.43
28250,0.0,0.85
28251,0.1,0.71
28252,0.03,0.27
28253,0.11,0.52
28254,0.11,0.16
28255,0.01,0.29
28256,0.68,0.55
28257,0.01,0.18
28258,0.16,0.12
28259,0.02,0.86
28260,0.02,0.26
28261,0.26,0.67
28262,0.0,0.15
28263,0.04,0.19
28264,0.87,0.84
28265,0.05,0.69
28266,0.16,0.03
28267,0.16,0.44
28268,0.08,0.14
28269,0.26,0.3
28270,0.12,0.88
28271,0.12,0.35
28272,0.0,0.57
28273,0.02,0.46
28274,0.03,0.6
28275,0.02,0.46
28276,0.04,0.3
28277,0.02,0.04
28278,0.02,0.56
28279,0.02,0.7
28280,0.07,0.14
28281,0.89,0.09
28282,0.0,0.1
28283,0.97,0.45
28284,0.83,0.37
28285,0.07,0.46
28286,0.09,0.37
28287,0.11,0.16
28288,0.0,0.29
28289,0.05,0.03
28290,0.0,0.17
28291,0.05,0.96
28292,0.0,0.57
28293,0.06,0.13
28294,0.88,0.51
28295,0.0,0.7
28296,0.02,0.38
28297,0.86,0.16
28298,0.16,0.83
28299,0.01,0.16
28300,0.19,0.52
28301,0.73,0.06
28302,0.01,0.46
28303,0.12,1.0
28304,0.06,0.38
28305,0.03,0.28
28306,0.02,0.04
28307,0.68,0.6
28308,0.15,0.88
28309,0.15,0.1
28310,0.93,0.43
28311,0.05,0.9
28312,0.04,0.84
28313,0.01,0.45
28314,0.04,0.37
28315,0.0,0.92
28316,0.03,0.49
28317,0.93,0.08
28318,0.04,0.04
28319,0.86,0.35
28320,0.0,0.92
28321,0.03,0.92
28322,0.88,0.39
28323,0.11,0.52
28324,0.87,0.89
28325,0.1,0.85
28326,0.02,0.64
28327,0.14,0.95
28328,0.79,0.57
28329,0.88,0.55
28330,0.12,0.29
28331,0.0,0.14
28332,0.03,0.08
28333,0.07,0.47
28334,0.01,0.33
28335,0.01,0.22
28336,0.96,0.51
28337,0.59,0.29
28338,0.26,0.24
28339,0.11,0.85
28340,0.05,0.36
28341,0.19,0.81
28342,0.02,0.21
28343,0.0,0.74
28344,0.13,0.53
28345,0.17,0.54
28346,0.75,0.95
28347,0.03,0.71
28348,0.02,0.53
28349,0.02,0.07
28350,0.95,0.84
28351,0.0,0.75
28352,0.81,0.71
28353,0.04,0.64
28354,0.03,0.26
28355,0.0,0.67
28356,0.99,0.74
28357,0.01,0.1
28358,0.11,0.64
28359,0.0,0.89
28360,0.0,0.57
28361,0.18,0.12
28362,0.04,0.81
28363,0.89,0.99
28364,0.06,0.93
28365,0.06,0.19
28366,0.79,0.32
28367,0.06,0.44
28368,0.08,0.93
28369,0.0,0.02
28370,0.03,0.73
28371,0.0,0.26
28372,0.95,0.07
28373,0.14,0.19
28374,0.01,0.38
28375,0.08,0.39
28376,0.04,0.5
28377,0.03,0.31
28378,0.09,0.08
28379,0.06,0.28
28380,0.72,0.25
28381,0.12,0.92
28382,0.11,0.2
28383,0.05,0.15
28384,0.04,0.21
28385,0.95,0.96
28386,0.02,0.5
28387,0.14,0.87
28388,0.0,0.78
28389,0.04,0.04
28390,0.0,0.83
28391,0.55,0.2
28392,1.0,0.61
28393,0.01,0.65
28394,0.04,0.51
28395,0.05,0.76
28396,0.13,0.37
28397,0.01,0.3
28398,0.77,0.24
28399,0.0,1.0
28400,0.01,0.79
28401,0.02,0.07
28402,0.25,0.54
28403,0.03,0.51
28404,0.02,0.81
28405,0.0,0.13
28406,0.02,0.26
28407,0.0,0.54
28408,0.66,0.93
28409,0.0,0.24
28410,0.03,0.68
28411,0.01,0.37
28412,0.0,0.72
28413,0.01,0.16
28414,0.02,0.91
28415,0.67,0.16
28416,0.0,0.26
28417,0.0,0.1
28418,0.01,0.55
28419,0.01,0.76
28420,0.2,0.87
28421,0.0,0.57
28422,0.01,0.23
28423,0.0,0.2
28424,0.05,0.34
28425,0.91,0.05
28426,0.0,0.46
28427,0.12,0.29
28428,0.03,0.87
28429,0.67,0.1
28430,0.01,0.7
28431,0.99,0.81
28432,0.04,0.3
28433,0.63,0.38
28434,0.66,0.48
28435,0.0,0.63
28436,0.0,0.13
28437,0.1,0.22
28438,0.01,0.2
28439,0.11,0.23
28440,0.67,0.78
28441,0.79,0.94
28442,0.08,0.91
28443,0.04,0.85
28444,0.0,0.5
28445,0.66,0.15
28446,0.03,0.27
28447,0.15,0.9
28448,0.88,0.33
28449,0.0,0.62
28450,0.02,0.56
28451,0.01,0.3
28452,0.05,0.16
28453,0.13,0.44
28454,0.01,0.19
28455,0.01,0.94
28456,0.0,0.25
28457,0.0,0.51
28458,0.07,0.26
28459,0.0,0.05
28460,0.0,0.08
28461,0.09,0.42
28462,0.02,0.4
28463,0.01,0.14
28464,0.01,0.47
28465,0.26,0.64
28466,0.62,0.05
28467,0.74,0.73
28468,0.04,0.38
28469,0.0,0.13
28470,0.05,0.22
28471,0.0,0.85
28472,0.01,0.44
28473,0.02,0.23
28474,0.02,0.49
28475,0.84,0.65
28476,0.01,0.04
28477,0.05,0.15
28478,0.78,0.56
28479,0.06,0.53
28480,0.04,0.24
28481,0.1,0.55
28482,0.69,0.71
28483,0.92,0.42
28484,0.0,0.72
28485,0.07,0.01
28486,0.0,0.19
28487,0.07,0.23
28488,0.68,0.88
28489,0.01,0.34
28490,0.73,0.6
28491,0.75,0.68
28492,0.0,0.51
28493,0.19,0.1
28494,0.03,0.4
28495,0.0,0.07
28496,0.0,0.82
28497,0.06,0.33
28498,0.96,0.49
28499,0.04,0.83
28500,0.0,0.21
28501,0.71,0.73
28502,0.12,0.29
28503,0.07,0.18
28504,0.06,0.14
28505,0.0,0.02
28506,0.0,0.69
28507,0.04,0.03
28508,0.1,0.74
28509,0.0,0.45
28510,0.03,0.67
28511,0.0,0.87
28512,0.0,0.19
28513,0.78,0.48
28514,0.63,0.5
28515,0.05,0.13
28516,0.0,0.38
28517,0.0,0.15
28518,0.0,0.67
28519,0.3,0.05
28520,0.04,0.16
28521,0.0,0.84
28522,0.06,0.68
28523,0.83,0.29
28524,0.01,0.3
28525,0.03,0.15
28526,0.31,0.21
28527,0.86,0.35
28528,0.09,0.58
28529,0.06,0.06
28530,0.0,0.9
28531,0.16,0.13
28532,0.01,0.12
28533,0.14,0.21
28534,0.01,0.05
28535,0.04,0.08
28536,0.9,0.67
28537,0.01,0.54
28538,0.22,0.88
28539,0.17,0.11
28540,0.11,0.99
28541,0.7,0.78
28542,0.08,0.08
28543,0.0,0.15
28544,0.03,0.59
28545,0.0,0.8
28546,0.1,0.28
28547,0.09,0.65
28548,0.05,0.21
28549,0.0,0.15
28550,0.0,0.32
28551,0.21,0.82
28552,0.04,0.46
28553,0.82,0.2
28554,0.97,0.49
28555,0.93,0.39
28556,0.58,0.1
28557,0.24,0.98
28558,0.11,0.36
28559,0.0,0.1
28560,0.81,0.52
28561,0.01,0.7
28562,0.06,0.04
28563,0.04,0.29
28564,0.08,0.23
28565,0.06,0.54
28566,0.1,0.35
28567,0.98,0.05
28568,0.0,0.45
28569,0.01,0.51
28570,0.02,0.17
28571,0.07,0.22
28572,0.02,0.08
28573,0.61,0.99
28574,0.79,0.31
28575,0.07,0.63
28576,0.01,0.16
28577,0.0,0.89
28578,0.92,0.02
28579,0.06,0.72
28580,0.0,0.65
28581,0.02,0.68
28582,0.86,0.59
28583,0.15,0.93
28584,0.16,0.87
28585,0.01,0.26
28586,0.02,0.2
28587,0.17,0.67
28588,0.08,0.38
28589,0.02,0.87
28590,0.03,0.27
28591,0.76,0.93
28592,0.0,0.95
28593,0.78,0.77
28594,0.73,0.21
28595,0.0,0.81
28596,0.04,0.1
28597,0.02,0.8
28598,0.97,0.37
28599,0.01,0.16
28600,0.97,0.45
28601,0.06,0.78
28602,0.93,0.66
28603,0.02,0.27
28604,0.06,0.3
28605,0.07,0.17
28606,0.11,0.26
28607,0.03,0.13
28608,0.07,0.26
28609,0.04,0.8
28610,0.0,0.3
28611,0.08,0.37
28612,0.02,0.94
28613,0.13,0.31
28614,0.63,0.21
28615,0.0,0.1
28616,0.01,0.3
28617,0.08,0.06
28618,0.05,0.11
28619,0.07,0.36
28620,0.0,0.53
28621,0.3,0.92
28622,0.0,0.66
28623,0.04,0.29
28624,0.71,0.43
28625,0.01,0.37
28626,0.0,0.79
28627,0.06,0.55
28628,0.0,0.33
28629,0.98,0.05
28630,0.22,0.86
28631,0.09,0.39
28632,0.25,0.2
28633,0.04,0.59
28634,0.0,0.32
28635,0.83,0.9
28636,0.01,0.44
28637,0.02,0.69
28638,0.9,0.36
28639,0.02,0.87
28640,0.0,0.54
28641,0.03,0.47
28642,0.03,0.5
28643,0.0,0.19
28644,0.19,0.52
28645,0.0,0.31
28646,0.0,0.21
28647,0.0,0.29
28648,0.0,0.56
28649,0.02,0.34
28650,0.94,0.3
28651,0.81,0.76
28652,0.87,0.03
28653,0.89,0.71
28654,0.0,0.98
28655,0.0,0.8
28656,0.03,0.68
28657,0.01,0.07
28658,0.17,0.87
28659,0.02,0.12
28660,0.04,0.33
28661,0.03,0.49
28662,0.09,0.24
28663,0.67,0.25
28664,0.08,0.59
28665,0.93,0.46
28666,0.0,0.18
28667,0.18,0.44
28668,0.15,0.29
28669,0.08,0.86
28670,0.68,0.14
28671,0.05,0.16
28672,0.05,0.53
28673,0.08,0.77
28674,0.13,0.37
28675,0.02,1.0
28676,0.02,0.47
28677,0.33,0.67
28678,0.0,0.36
28679,0.03,0.54
28680,0.01,0.31
28681,0.0,0.82
28682,0.8,1.0
28683,0.86,0.24
28684,0.94,0.13
28685,0.1,0.3
28686,0.03,0.87
28687,0.61,0.14
28688,0.02,0.84
28689,0.0,0.89
28690,0.05,0.54
28691,0.03,0.54
28692,0.01,0.68
28693,0.03,0.96
28694,0.0,0.88
28695,0.05,0.72
28696,0.18,0.28
28697,0.01,0.48
28698,0.1,0.86
28699,0.0,0.12
28700,0.74,0.91
28701,0.89,0.35
28702,0.01,0.22
28703,0.9,0.56
28704,0.76,0.64
28705,0.1,0.85
28706,0.01,0.24
28707,0.02,0.18
28708,0.0,0.35
28709,0.68,0.05
28710,0.1,0.93
28711,0.03,0.99
28712,0.16,0.4
28713,0.72,0.23
28714,0.02,0.61
28715,0.0,0.64
28716,0.12,0.17
28717,0.1,0.57
28718,0.02,0.5
28719,0.02,0.05
28720,0.0,0.16
28721,0.86,0.22
28722,0.0,0.42
28723,0.08,0.73
28724,0.05,0.89
28725,0.06,0.8
28726,0.02,0.27
28727,0.05,0.61
28728,0.13,0.15
28729,0.35,0.74
28730,0.01,0.7
28731,0.05,0.43
28732,0.06,0.16
28733,0.06,0.2
28734,0.05,0.25
28735,0.23,0.42
28736,0.76,0.19
28737,0.9,0.93
28738,0.07,0.93
28739,0.02,0.67
28740,0.01,0.81
28741,0.85,0.37
28742,0.12,0.1
28743,0.9,0.2
28744,0.05,0.81
28745,0.13,0.85
28746,0.78,0.26
28747,0.0,0.86
28748,0.07,0.97
28749,0.0,0.47
28750,0.86,0.12
28751,0.01,0.75
28752,0.94,0.13
28753,0.01,0.03
28754,0.01,0.64
28755,0.0,0.78
28756,0.03,0.24
28757,0.01,0.45
28758,0.0,0.25
28759,0.0,0.44
28760,0.91,0.19
28761,0.06,0.8
28762,0.64,0.91
28763,0.0,0.31
28764,0.26,0.65
28765,0.83,0.74
28766,0.01,0.85
28767,0.62,0.53
28768,0.01,0.08
28769,0.04,0.53
28770,0.05,0.72
28771,0.04,0.86
28772,0.06,0.68
28773,0.12,0.28
28774,0.98,0.9
28775,0.03,0.46
28776,0.04,0.24
28777,0.13,0.23
28778,0.13,0.34
28779,0.06,0.92
28780,0.01,0.03
28781,0.22,0.8
28782,0.02,0.95
28783,0.02,0.41
28784,0.74,0.31
28785,0.06,0.42
28786,0.05,0.14
28787,0.1,0.14
28788,0.08,0.04
28789,0.19,0.29
28790,0.01,0.73
28791,0.04,0.92
28792,0.02,0.73
28793,0.02,0.95
28794,0.01,0.07
28795,0.99,0.18
28796,0.0,0.1
28797,0.03,0.81
28798,0.08,0.94
28799,0.02,0.37
28800,0.03,0.02
28801,0.15,0.09
28802,0.02,0.29
28803,0.0,0.73
28804,0.09,0.98
28805,0.04,0.03
28806,0.1,0.75
28807,0.0,0.24
28808,0.03,0.29
28809,1.0,0.69
28810,0.02,0.32
28811,0.03,0.99
28812,0.04,0.11
28813,0.2,0.21
28814,0.11,0.52
28815,0.66,0.24
28816,0.01,0.21
28817,0.04,0.33
28818,0.09,0.2
28819,0.05,0.53
28820,0.01,0.16
28821,0.14,0.2
28822,0.0,0.07
28823,0.12,0.78
28824,0.19,0.83
28825,0.19,0.22
28826,0.22,0.24
28827,0.82,0.64
28828,0.07,0.17
28829,0.16,0.39
28830,0.01,0.42
28831,0.02,0.26
28832,0.01,0.43
28833,0.1,0.36
28834,0.04,0.64
28835,0.07,0.36
28836,0.05,0.53
28837,0.99,0.72
28838,0.07,0.63
28839,0.03,0.91
28840,0.06,0.65
28841,0.02,0.24
28842,0.0,0.19
28843,0.0,0.87
28844,0.05,0.13
28845,0.02,0.07
28846,0.05,0.86
28847,0.84,0.08
28848,0.0,0.44
28849,0.03,0.55
28850,0.8,0.15
28851,0.14,0.22
28852,0.0,0.75
28853,0.63,0.0
28854,0.83,0.82
28855,0.1,0.39
28856,0.03,0.56
28857,0.08,0.2
28858,0.07,0.72
28859,0.97,0.14
28860,0.0,0.42
28861,0.69,0.65
28862,0.0,0.59
28863,0.02,0.93
28864,0.67,0.39
28865,0.92,0.81
28866,0.0,0.3
28867,0.95,0.33
28868,0.19,0.05
28869,0.01,0.11
28870,0.04,0.28
28871,0.04,0.15
28872,0.73,0.84
28873,0.0,0.02
28874,0.14,0.78
28875,0.76,0.76
28876,0.94,0.6
28877,0.03,0.06
28878,0.02,0.17
28879,0.87,0.52
28880,0.0,0.64
28881,0.15,0.16
28882,0.01,0.82
28883,0.07,0.69
28884,0.65,0.14
28885,0.01,0.3
28886,0.03,0.29
28887,0.05,0.09
28888,0.04,0.13
28889,0.23,0.07
28890,0.04,0.47
28891,0.13,0.06
28892,0.0,0.14
28893,0.07,0.57
28894,0.94,0.07
28895,0.01,0.2
28896,0.0,0.34
28897,0.02,0.78
28898,0.05,0.29
28899,0.03,0.33
28900,0.0,0.39
28901,0.0,0.89
28902,0.87,0.26
28903,0.0,0.34
28904,0.07,0.77
28905,0.1,0.72
28906,0.0,0.78
28907,0.0,0.06
28908,0.73,0.89
28909,0.18,0.7
28910,0.03,0.55
28911,0.03,0.39
28912,0.0,0.92
28913,0.04,0.52
28914,0.01,0.9
28915,0.0,0.19
28916,0.0,0.52
28917,0.85,0.78
28918,0.07,0.8
28919,0.12,0.82
28920,0.1,0.5
28921,0.12,0.56
28922,0.02,0.28
28923,0.0,0.88
28924,0.18,0.76
28925,0.03,0.65
28926,0.97,0.17
28927,0.85,0.15
28928,0.02,0.41
28929,0.02,0.03
28930,0.01,0.08
28931,0.02,0.55
28932,0.0,0.34
28933,0.06,0.06
28934,0.77,0.43
28935,0.01,0.58
28936,0.93,0.04
28937,0.02,0.47
28938,0.0,0.23
28939,0.63,0.58
28940,0.02,0.58
28941,0.16,0.73
28942,0.86,0.2
28943,0.17,0.43
28944,0.01,0.16
28945,0.04,0.32
28946,0.95,0.39
28947,0.01,0.32
28948,0.02,0.51
28949,0.08,0.44
28950,0.02,0.98
28951,0.65,0.26
28952,0.66,0.4
28953,0.1,0.85
28954,0.03,0.3
28955,0.03,0.86
28956,0.07,0.44
28957,0.72,0.31
28958,0.0,0.25
28959,0.0,0.7
28960,0.77,0.81
28961,0.01,0.23
28962,0.05,0.16
28963,0.01,0.6
28964,0.65,0.58
28965,0.15,0.15
28966,0.0,0.09
28967,0.02,0.98
28968,0.05,0.79
28969,0.02,0.33
28970,0.05,0.07
28971,0.0,0.63
28972,0.2,0.93
28973,0.01,0.31
28974,0.01,0.03
28975,0.01,0.39
28976,0.15,0.78
28977,0.01,0.29
28978,0.01,0.58
28979,0.02,0.68
28980,0.0,0.13
28981,0.14,0.7
28982,0.02,0.18
28983,0.97,0.02
28984,0.13,0.82
28985,0.08,0.43
28986,0.0,0.5
28987,0.03,0.11
28988,1.0,0.53
28989,0.03,0.99
28990,0.3,0.31
28991,0.05,0.63
28992,0.02,0.19
28993,0.04,0.35
28994,0.01,0.2
28995,0.84,0.68
28996,0.15,0.72
28997,0.0,0.33
28998,0.82,0.78
28999,0.02,0.2
29000,0.78,0.98
29001,0.04,0.17
29002,0.81,0.22
29003,0.0,0.7
29004,0.13,0.8
29005,0.0,0.58
29006,0.0,0.09
29007,0.1,0.78
29008,0.03,0.56
29009,0.02,0.35
29010,0.87,0.32
29011,0.01,0.19
29012,0.05,0.42
29013,0.11,0.18
29014,0.0,0.37
29015,0.89,0.19
29016,0.05,0.61
29017,0.0,0.82
29018,0.01,0.06
29019,0.0,0.71
29020,0.73,0.59
29021,0.05,0.67
29022,0.02,0.55
29023,0.1,0.91
29024,0.0,0.43
29025,0.0,0.26
29026,0.15,0.52
29027,0.01,0.77
29028,0.02,0.41
29029,0.0,0.38
29030,0.82,0.22
29031,0.03,0.14
29032,0.1,0.88
29033,0.62,0.46
29034,0.0,0.62
29035,0.93,0.27
29036,0.11,0.42
29037,0.01,0.97
29038,0.15,0.51
29039,0.06,0.35
29040,0.08,0.25
29041,0.04,0.39
29042,0.01,0.16
29043,0.01,0.08
29044,0.01,0.72
29045,0.03,0.2
29046,0.85,0.28
29047,0.03,0.41
29048,0.95,0.7
29049,0.0,0.89
29050,0.08,0.62
29051,0.12,0.55
29052,0.81,0.14
29053,0.0,0.46
29054,0.04,0.03
29055,0.72,0.76
29056,0.08,0.88
29057,0.04,0.95
29058,0.0,0.04
29059,0.01,0.35
29060,0.0,0.67
29061,0.94,0.53
29062,0.93,0.22
29063,0.94,0.71
29064,0.82,0.87
29065,0.02,0.12
29066,0.02,0.69
29067,0.97,0.82
29068,0.05,0.06
29069,0.1,0.96
29070,0.28,0.57
29071,0.17,0.45
29072,0.15,0.71
29073,0.04,0.11
29074,0.09,0.98
29075,0.01,0.56
29076,0.01,0.8
29077,0.03,0.82
29078,0.88,0.41
29079,0.84,0.6
29080,0.03,0.16
29081,0.9,0.78
29082,0.0,0.12
29083,0.0,0.05
29084,0.62,0.69
29085,0.08,0.86
29086,0.02,0.79
29087,0.11,0.36
29088,0.0,0.45
29089,0.11,0.04
29090,0.07,0.73
29091,0.02,0.9
29092,0.0,0.57
29093,0.9,0.72
29094,0.01,0.05
29095,0.0,0.48
29096,0.0,0.7
29097,0.04,0.17
29098,0.16,0.82
29099,0.74,0.82
29100,0.01,0.6
29101,0.18,0.58
29102,0.7,0.77
29103,0.07,0.72
29104,0.63,0.67
29105,0.0,0.96
29106,0.04,0.64
29107,0.28,0.46
29108,0.08,0.83
29109,0.21,0.49
29110,0.2,0.12
29111,0.04,0.89
29112,0.0,0.75
29113,0.0,0.19
29114,0.0,0.33
29115,0.82,0.28
29116,0.1,0.36
29117,0.11,0.6
29118,0.02,0.72
29119,1.0,0.96
29120,0.01,0.07
29121,0.99,0.07
29122,0.01,0.85
29123,0.12,0.42
29124,0.0,0.08
29125,0.22,0.53
29126,0.0,0.35
29127,0.06,0.83
29128,0.05,0.72
29129,0.09,0.12
29130,0.62,0.72
29131,0.58,0.04
29132,1.0,0.4
29133,0.03,0.46
29134,0.0,0.14
29135,0.05,0.92
29136,0.0,0.1
29137,0.01,0.74
29138,0.04,0.05
29139,0.01,0.07
29140,0.14,0.18
29141,0.01,0.22
29142,0.02,0.61
29143,0.8,0.25
29144,0.04,0.99
29145,0.58,0.47
29146,0.06,0.2
29147,0.0,0.72
29148,0.0,0.78
29149,0.04,0.8
29150,0.0,0.36
29151,0.0,0.34
29152,0.05,0.75
29153,0.09,0.32
29154,0.13,0.3
29155,0.02,0.94
29156,0.11,0.2
29157,0.01,0.03
29158,0.08,0.79
29159,0.28,0.65
29160,0.0,0.13
29161,0.0,0.64
29162,0.92,0.14
29163,0.01,0.13
29164,0.02,0.29
29165,0.0,0.97
29166,0.0,0.35
29167,0.17,0.07
29168,0.98,0.63
29169,0.73,0.75
29170,0.18,0.44
29171,0.93,0.67
29172,0.09,0.28
29173,0.01,0.46
29174,0.88,0.11
29175,0.0,0.5
29176,0.9,0.46
29177,0.81,0.49
29178,0.0,0.3
29179,0.0,0.56
29180,0.13,0.71
29181,0.13,0.21
29182,0.75,0.05
29183,0.19,0.54
29184,0.01,0.07
29185,0.0,0.53
29186,0.95,0.58
29187,0.01,0.23
29188,0.11,0.26
29189,0.12,0.12
29190,0.01,0.4
29191,0.22,0.15
29192,0.03,0.25
29193,0.0,0.35
29194,0.04,0.14
29195,0.0,0.89
29196,0.92,0.04
29197,0.06,0.25
29198,0.07,0.37
29199,0.0,0.31
29200,0.03,0.48
29201,0.71,0.03
29202,0.02,0.59
29203,0.02,0.78
29204,0.94,0.78
29205,0.05,0.93
29206,0.74,0.92
29207,0.85,0.63
29208,0.0,0.99
29209,0.02,0.13
29210,0.03,0.05
29211,0.1,0.43
29212,0.03,0.03
29213,0.08,0.01
29214,0.04,0.86
29215,0.01,0.36
29216,0.09,0.87
29217,0.0,0.19
29218,0.69,0.77
29219,0.0,0.0
29220,0.08,0.54
29221,0.01,0.8
29222,0.05,0.06
29223,0.13,0.05
29224,0.0,0.44
29225,0.04,0.92
29226,0.03,0.21
29227,0.0,0.43
29228,0.0,0.68
29229,0.81,0.39
29230,0.15,0.37
29231,0.95,0.22
29232,0.73,0.4
29233,0.99,0.2
29234,0.03,0.05
29235,0.0,0.52
29236,0.04,0.37
29237,0.03,0.49
29238,0.11,0.99
29239,0.01,0.1
29240,0.0,0.62
29241,0.01,0.11
29242,0.04,0.84
29243,0.03,0.63
29244,0.02,0.92
29245,0.01,0.29
29246,0.64,0.85
29247,0.03,0.74
29248,0.78,0.18
29249,0.91,0.94
29250,0.01,0.71
29251,0.06,0.23
29252,0.0,0.97
29253,0.57,0.36
29254,0.01,0.69
29255,0.0,0.06
29256,0.03,0.55
29257,0.02,0.35
29258,0.02,0.22
29259,0.66,0.24
29260,0.87,0.8
29261,0.85,0.74
29262,0.93,0.42
29263,0.03,0.21
29264,0.03,0.94
29265,0.01,0.3
29266,0.09,0.03
29267,0.1,0.79
29268,0.88,0.09
29269,0.1,0.53
29270,0.01,0.29
29271,0.01,0.3
29272,0.94,0.25
29273,0.01,0.09
29274,0.02,0.98
29275,0.01,0.41
29276,0.82,0.28
29277,0.09,0.47
29278,0.03,0.12
29279,0.07,0.27
29280,0.0,0.88
29281,0.0,0.57
29282,0.13,0.65
29283,0.13,0.74
29284,0.0,0.12
29285,0.01,0.72
29286,0.1,0.2
29287,0.01,0.35
29288,0.01,0.78
29289,0.02,0.99
29290,0.01,0.25
29291,0.0,0.28
29292,0.03,0.94
29293,0.06,0.52
29294,0.64,0.38
29295,0.12,1.0
29296,0.04,0.81
29297,0.02,0.93
29298,0.0,0.44
29299,0.93,0.79
29300,0.01,0.51
29301,0.01,0.19
29302,0.01,0.85
29303,0.01,0.67
29304,0.01,0.61
29305,0.03,0.27
29306,0.0,0.25
29307,0.99,0.5
29308,0.04,0.6
29309,0.97,0.96
29310,0.0,1.0
29311,0.0,0.62
29312,0.02,0.12
29313,0.28,0.66
29314,0.03,0.09
29315,0.04,0.1
29316,0.71,0.25
29317,0.14,0.38
29318,0.03,0.75
29319,0.01,0.64
29320,0.98,0.63
29321,0.02,0.28
29322,0.05,0.13
29323,0.89,0.02
29324,0.7,0.84
29325,0.06,0.97
29326,0.05,0.56
29327,0.05,0.76
29328,0.0,0.63
29329,0.95,0.68
29330,0.01,0.38
29331,0.0,0.39
29332,0.04,0.11
29333,0.77,0.08
29334,0.01,0.22
29335,0.03,0.08
29336,0.91,0.18
29337,0.02,0.31
29338,0.07,0.19
29339,0.82,0.3
29340,0.02,0.89
29341,0.65,0.29
29342,0.03,0.78
29343,0.09,0.76
29344,0.02,0.18
29345,0.13,0.61
29346,0.0,0.04
29347,0.06,0.61
29348,0.37,0.72
29349,0.02,0.35
29350,0.11,0.27
29351,0.02,0.08
29352,0.13,0.3
29353,0.09,0.01
29354,0.75,0.34
29355,0.09,0.18
29356,0.0,0.17
29357,0.01,0.89
29358,0.01,0.79
29359,0.24,0.11
29360,0.02,0.06
29361,0.0,0.06
29362,0.1,0.62
29363,0.8,0.27
29364,0.09,0.77
29365,0.09,0.31
29366,0.05,0.25
29367,0.72,0.1
29368,0.98,0.2
29369,0.02,0.56
29370,1.0,0.5
29371,0.03,0.86
29372,0.01,0.91
29373,0.04,0.36
29374,0.19,0.4
29375,0.0,0.74
29376,0.0,0.71
29377,0.08,0.3
29378,0.1,0.18
29379,0.97,0.87
29380,0.04,0.72
29381,0.06,0.9
29382,0.0,0.36
29383,0.77,0.95
29384,0.18,0.74
29385,0.24,0.7
29386,0.04,0.56
29387,0.01,0.81
29388,0.0,0.68
29389,0.84,0.09
29390,0.75,0.97
29391,0.0,0.4
29392,0.65,0.91
29393,0.03,0.97
29394,0.85,0.75
29395,0.13,0.32
29396,0.12,0.4
29397,0.76,0.4
29398,0.65,0.91
29399,0.02,0.02
29400,0.0,0.04
29401,0.24,0.89
29402,0.1,0.92
29403,0.01,0.29
29404,0.9,0.6
29405,0.02,0.06
29406,0.04,0.63
29407,0.92,0.82
29408,0.2,0.56
29409,0.03,1.0
29410,0.0,0.24
29411,0.0,0.94
29412,0.13,0.78
29413,0.78,0.02
29414,0.03,0.87
29415,0.04,0.81
29416,0.0,0.5
29417,0.07,0.8
29418,0.07,0.77
29419,0.12,0.93
29420,0.01,0.43
29421,0.0,0.42
29422,0.02,0.74
29423,0.0,0.83
29424,0.94,0.47
29425,0.1,0.48
29426,0.02,0.78
29427,0.0,0.85
29428,0.02,0.14
29429,0.29,0.92
29430,0.0,0.38
29431,0.06,0.85
29432,0.0,0.97
29433,0.0,0.74
29434,0.02,0.17
29435,0.0,0.96
29436,0.71,0.22
29437,0.01,0.92
29438,0.15,0.67
29439,0.0,0.14
29440,0.0,0.84
29441,0.86,0.76
29442,0.03,0.89
29443,0.83,0.05
29444,0.03,0.68
29445,0.16,0.88
29446,0.0,0.17
29447,0.01,0.58
29448,0.04,0.03
29449,0.16,0.08
29450,0.0,1.0
29451,0.06,0.38
29452,0.97,0.58
29453,0.02,0.98
29454,0.11,0.21
29455,0.04,0.57
29456,0.0,0.69
29457,0.0,0.28
29458,0.26,0.14
29459,0.08,0.64
29460,0.08,0.89
29461,0.13,0.04
29462,0.02,0.06
29463,0.01,0.98
29464,0.04,0.73
29465,0.04,0.61
29466,0.68,0.75
29467,0.04,0.62
29468,0.89,0.22
29469,0.02,0.69
29470,0.01,0.3
29471,0.09,0.74
29472,0.25,0.29
29473,0.71,0.33
29474,0.01,0.73
29475,0.14,0.89
29476,0.05,0.69
29477,0.95,0.05
29478,0.08,0.06
29479,0.02,0.48
29480,0.35,0.77
29481,0.0,0.86
29482,0.03,0.58
29483,0.08,0.54
29484,0.01,0.4
29485,0.17,0.95
29486,0.13,0.87
29487,0.05,0.69
29488,0.86,0.63
29489,0.13,0.05
29490,0.03,0.72
29491,0.13,0.41
29492,0.0,0.83
29493,0.0,0.02
29494,0.04,0.62
29495,0.85,0.61
29496,0.04,0.15
29497,0.02,0.0
29498,0.0,0.89
29499,0.29,0.08
29500,0.16,0.52
29501,0.03,0.17
29502,0.03,0.65
29503,0.0,0.24
29504,0.1,0.53
29505,0.02,0.62
29506,0.12,0.01
29507,0.04,0.72
29508,0.01,0.22
29509,0.69,0.53
29510,0.03,0.86
29511,0.0,0.51
29512,0.0,0.34
29513,0.03,0.12
29514,0.97,0.12
29515,0.01,0.23
29516,0.03,0.72
29517,0.0,0.41
29518,0.01,0.38
29519,0.82,0.14
29520,0.0,0.02
29521,0.21,0.56
29522,0.03,0.43
29523,0.02,0.48
29524,0.96,0.08
29525,0.05,0.1
29526,0.03,0.33
29527,0.0,0.18
29528,0.95,0.6
29529,0.0,0.81
29530,0.0,0.23
29531,0.84,0.35
29532,0.26,0.17
29533,0.11,0.19
29534,0.91,0.59
29535,0.13,0.11
29536,0.0,0.42
29537,0.05,0.85
29538,0.03,0.06
29539,0.12,0.3
29540,0.02,0.25
29541,0.06,0.78
29542,0.0,0.02
29543,0.15,0.16
29544,0.0,0.81
29545,0.0,0.72
29546,0.03,0.77
29547,0.02,0.43
29548,0.0,0.12
29549,0.09,0.64
29550,0.03,0.16
29551,0.05,0.22
29552,0.04,0.7
29553,0.0,0.81
29554,0.0,0.39
29555,0.06,0.67
29556,0.06,0.91
29557,0.94,0.23
29558,0.23,0.69
29559,0.08,0.35
29560,0.07,0.54
29561,0.0,0.08
29562,0.94,0.39
29563,0.0,0.25
29564,0.01,0.93
29565,0.02,0.36
29566,0.3,0.26
29567,0.03,0.7
29568,0.04,0.91
29569,0.66,0.58
29570,0.02,0.01
29571,0.04,0.94
29572,0.01,0.83
29573,0.73,0.67
29574,0.92,0.47
29575,0.12,0.04
29576,0.96,0.28
29577,0.84,0.85
29578,0.07,0.17
29579,0.04,0.01
29580,0.04,0.04
29581,0.01,0.81
29582,0.03,0.75
29583,0.09,0.91
29584,0.04,0.25
29585,0.11,0.28
29586,0.97,0.72
29587,0.0,0.89
29588,0.01,0.3
29589,0.0,0.72
29590,0.01,0.74
29591,0.04,0.51
29592,0.03,0.72
29593,0.17,0.66
29594,0.0,0.66
29595,0.02,0.89
29596,0.01,0.17
29597,0.12,0.72
29598,0.0,0.36
29599,0.22,0.57
29600,0.0,0.46
29601,0.88,0.68
29602,0.03,0.83
29603,0.98,0.32
29604,0.11,0.02
29605,0.0,0.12
29606,0.11,0.23
29607,0.0,0.03
29608,0.02,0.81
29609,0.85,0.05
29610,0.86,0.06
29611,0.01,0.25
29612,0.71,0.0
29613,0.32,0.58
29614,0.0,0.05
29615,0.03,0.86
29616,0.01,0.93
29617,0.93,0.88
29618,0.15,0.18
29619,0.97,0.47
29620,0.0,0.66
29621,0.08,0.66
29622,0.65,0.12
29623,0.01,0.66
29624,0.01,0.28
29625,0.94,0.37
29626,0.01,0.42
29627,0.02,0.33
29628,0.01,0.66
29629,0.8,0.83
29630,0.01,0.55
29631,0.13,0.08
29632,0.03,0.89
29633,0.01,0.18
29634,0.21,0.92
29635,0.08,0.11
29636,0.04,0.34
29637,0.14,0.78
29638,0.75,0.76
29639,0.03,0.47
29640,0.0,0.06
29641,0.08,0.71
29642,0.09,0.84
29643,0.79,0.32
29644,0.0,0.64
29645,0.18,0.85
29646,0.08,0.33
29647,0.0,0.95
29648,0.0,0.77
29649,0.0,0.3
29650,0.06,0.85
29651,0.75,0.51
29652,0.01,0.12
29653,0.04,0.6
29654,0.9,0.37
29655,0.14,0.73
29656,0.13,0.16
29657,0.82,0.74
29658,0.03,0.37
29659,0.1,0.05
29660,0.0,0.04
29661,0.84,0.4
29662,0.12,0.88
29663,0.04,0.63
29664,0.74,0.0
29665,0.81,0.17
29666,0.0,0.03
29667,0.8,0.82
29668,0.03,0.67
29669,0.01,0.07
29670,0.0,0.19
29671,0.0,0.07
29672,0.03,0.05
29673,0.06,0.55
29674,0.73,0.3
29675,0.07,0.71
29676,0.72,0.36
29677,0.03,0.9
29678,0.83,0.25
29679,0.8,0.05
29680,0.97,0.71
29681,0.93,0.64
29682,0.9,0.23
29683,0.88,0.18
29684,0.04,0.84
29685,0.04,0.47
29686,0.0,0.66
29687,0.02,0.36
29688,0.17,0.83
29689,0.09,0.0
29690,0.12,0.58
29691,0.0,0.75
29692,0.05,0.78
29693,0.85,0.77
29694,0.03,0.02
29695,0.08,0.57
29696,0.15,0.8
29697,0.7,0.04
29698,0.21,0.11
29699,0.02,0.64
29700,0.02,0.09
29701,0.0,0.25
29702,0.03,0.09
29703,0.03,0.68
29704,0.04,0.39
29705,0.82,0.93
29706,0.82,0.17
29707,0.1,0.23
29708,0.04,0.96
29709,0.06,0.23
29710,0.01,0.2
29711,0.73,0.01
29712,0.02,0.66
29713,0.3,0.6
29714,0.09,0.53
29715,0.91,0.99
29716,0.71,0.62
29717,0.05,0.04
29718,0.0,0.11
29719,0.11,0.63
29720,0.1,0.91
29721,0.89,0.35
29722,0.01,0.37
29723,0.78,0.07
29724,0.9,0.62
29725,0.02,0.57
29726,0.2,0.62
29727,0.1,0.73
29728,0.97,0.61
29729,0.01,0.1
29730,0.02,0.23
29731,0.17,0.02
29732,0.0,0.02
29733,0.0,0.9
29734,0.0,0.77
29735,0.13,0.47
29736,0.0,0.78
29737,0.0,0.9
29738,0.84,0.45
29739,0.05,0.08
29740,0.05,0.99
29741,0.01,0.63
29742,0.0,0.08
29743,0.0,0.28
29744,0.14,0.08
29745,0.04,0.2
29746,0.0,0.17
29747,0.16,0.37
29748,0.07,0.03
29749,0.03,0.69
29750,0.03,0.14
29751,0.01,0.3
29752,0.01,0.75
29753,0.01,0.59
29754,0.06,0.71
29755,0.0,0.1
29756,0.05,0.92
29757,0.11,0.93
29758,0.08,0.95
29759,0.06,0.07
29760,0.92,0.08
29761,0.03,0.56
29762,0.08,0.1
29763,0.06,0.42
29764,0.0,0.58
29765,0.02,0.15
29766,0.02,0.39
29767,0.0,0.32
29768,0.01,0.52
29769,0.04,0.74
29770,0.01,0.41
29771,0.06,0.99
29772,0.14,0.98
29773,0.15,0.95
29774,0.0,0.79
29775,0.91,0.76
29776,0.6,0.1
29777,0.01,0.31
29778,0.05,0.71
29779,0.0,0.13
29780,0.03,0.69
29781,0.03,0.36
29782,0.0,0.53
29783,0.0,0.97
29784,0.09,0.0
29785,0.22,0.67
29786,0.0,0.27
29787,0.63,0.5
29788,0.0,0.95
29789,0.73,0.7
29790,0.03,0.17
29791,0.0,0.5
29792,0.03,0.76
29793,0.73,0.24
29794,0.15,0.25
29795,0.17,0.07
29796,0.0,0.1
29797,0.68,0.74
29798,0.91,0.72
29799,0.05,0.14
29800,0.28,0.36
29801,0.85,0.75
29802,0.0,0.62
29803,0.07,0.08
29804,0.09,0.67
29805,0.0,0.34
29806,0.03,0.58
29807,0.0,0.79
29808,0.11,0.14
29809,0.91,0.09
29810,0.76,0.09
29811,0.1,0.43
29812,0.0,0.5
29813,0.08,0.03
29814,0.1,0.66
29815,0.0,0.84
29816,0.02,0.28
29817,0.0,0.17
29818,0.13,0.75
29819,0.01,0.8
29820,0.31,0.45
29821,0.0,0.13
29822,0.18,0.26
29823,0.08,0.79
29824,0.0,0.18
29825,0.02,0.69
29826,0.04,0.24
29827,0.06,0.72
29828,0.05,0.75
29829,0.81,0.33
29830,0.96,0.64
29831,0.1,0.77
29832,0.03,0.87
29833,0.0,0.81
29834,0.07,0.01
29835,0.03,0.59
29836,0.09,0.57
29837,0.0,0.01
29838,0.0,0.66
29839,0.06,0.33
29840,0.8,0.96
29841,0.0,0.65
29842,0.01,0.55
29843,0.14,0.82
29844,0.25,0.07
29845,0.04,0.27
29846,0.13,0.01
29847,0.05,0.15
29848,0.01,0.24
29849,0.04,0.7
29850,0.0,0.7
29851,0.05,0.32
29852,0.02,0.53
29853,0.04,0.23
29854,0.06,0.63
29855,0.73,0.7
29856,0.0,0.49
29857,0.97,0.39
29858,0.08,0.42
29859,0.64,0.91
29860,0.0,0.73
29861,0.02,0.8
29862,0.73,0.68
29863,0.75,0.74
29864,0.01,0.76
29865,0.7,0.01
29866,0.0,0.3
29867,0.03,0.34
29868,0.0,0.99
29869,0.21,0.94
29870,0.05,0.29
29871,0.01,0.95
29872,0.04,0.22
29873,0.01,0.11
29874,0.23,1.0
29875,0.07,0.7
29876,0.11,0.31
29877,0.74,0.41
29878,0.14,0.74
29879,0.89,0.58
29880,0.01,0.69
29881,0.0,0.65
29882,0.05,0.39
29883,0.01,0.54
29884,0.13,0.05
29885,0.61,0.96
29886,0.03,0.18
29887,0.14,0.36
29888,0.0,0.7
29889,0.08,0.2
29890,0.1,0.42
29891,0.01,0.57
29892,0.11,0.84
29893,0.93,0.75
29894,0.0,0.55
29895,0.7,0.22
29896,0.02,0.03
29897,0.68,0.15
29898,0.01,0.25
29899,0.81,0.89
29900,0.02,0.74
29901,0.01,0.76
29902,0.02,0.92
29903,0.01,0.93
29904,0.86,0.67
29905,0.83,0.82
29906,0.01,0.63
29907,0.03,0.8
29908,0.12,0.52
29909,0.03,0.72
29910,0.07,0.78
29911,0.06,0.02
29912,0.08,0.29
29913,0.02,0.37
29914,0.02,0.66
29915,0.06,0.29
29916,0.01,0.05
29917,0.04,0.39
29918,0.0,0.9
29919,0.01,0.09
29920,0.71,0.56
29921,0.03,0.32
29922,0.03,0.83
29923,0.09,0.25
29924,0.01,0.59
29925,0.0,0.26
29926,0.98,0.68
29927,0.02,0.79
29928,0.02,0.44
29929,0.79,0.29
29930,0.05,0.87
29931,0.0,0.65
29932,0.83,0.76
29933,0.04,0.9
29934,0.01,0.88
29935,0.01,0.98
29936,0.18,0.45
29937,0.02,0.3
29938,0.0,0.31
29939,0.01,0.81
29940,0.0,0.29
29941,0.0,0.34
29942,0.01,0.61
29943,0.56,0.28
29944,0.76,0.15
29945,0.01,0.87
29946,0.08,0.78
29947,0.91,0.15
29948,0.81,0.0
29949,0.8,0.7
29950,0.02,0.9
29951,0.05,0.45
29952,0.02,0.96
29953,0.05,0.94
29954,0.79,0.09
29955,0.0,0.36
29956,0.0,0.39
29957,0.06,0.57
29958,0.12,0.44
29959,0.04,0.1
29960,0.03,0.2
29961,0.89,0.93
29962,0.71,0.8
29963,0.08,0.83
29964,0.06,0.48
29965,0.07,0.13
29966,0.14,0.72
29967,0.05,0.63
29968,0.03,0.87
29969,0.08,0.69
29970,0.17,0.95
29971,0.03,0.04
29972,0.01,0.03
29973,0.0,0.21
29974,0.05,0.5
29975,0.06,0.64
29976,0.04,0.93
29977,0.85,0.11
29978,0.72,0.47
29979,0.0,0.7
29980,0.06,0.61
29981,0.02,0.82
29982,0.0,0.23
29983,0.02,0.4
29984,0.76,0.08
29985,0.01,0.73
29986,0.82,0.88
29987,0.0,0.02
29988,0.06,0.68
29989,0.08,0.04
29990,0.0,0.03
29991,0.0,0.03
29992,0.05,0.01
29993,0.73,0.03
29994,0.72,0.26
29995,0.0,0.35
29996,0.0,0.23
29997,0.84,0.87
29998,0.04,0.27
29999,0.03,0.73
30000,0.71,0.18
30001,0.03,0.5
30002,0.04,0.51
30003,0.01,0.67
30004,0.04,0.8
30005,0.03,0.65
30006,0.0,0.81
30007,0.89,0.48
30008,0.0,0.33
30009,0.0,0.67
30010,0.13,0.4
30011,0.65,0.66
30012,0.18,0.96
30013,0.02,0.07
30014,0.0,0.56
30015,0.0,0.33
30016,0.0,0.28
30017,0.7,0.74
30018,0.11,0.86
30019,0.0,0.47
30020,0.0,0.16
30021,0.0,0.55
30022,0.1,0.6
30023,0.07,0.58
30024,0.01,0.65
30025,0.72,0.29
30026,0.0,0.5
30027,0.0,0.2
30028,0.06,0.49
30029,0.04,0.06
30030,0.83,0.24
30031,0.06,0.24
30032,0.02,0.27
30033,0.09,0.07
30034,0.01,0.52
30035,0.17,0.14
30036,0.06,0.0
30037,0.01,0.93
30038,0.01,0.41
30039,0.32,0.35
30040,0.0,0.04
30041,0.0,0.49
30042,0.63,0.99
30043,0.01,0.62
30044,0.01,0.66
30045,0.19,0.36
30046,0.0,0.71
30047,0.07,0.52
30048,0.11,0.39
30049,0.25,0.98
30050,0.0,0.99
30051,0.02,0.08
30052,0.17,0.67
30053,0.11,0.33
30054,0.02,0.49
30055,0.04,0.27
30056,0.1,0.06
30057,0.0,0.01
30058,0.02,0.65
30059,0.03,0.05
30060,0.0,0.33
30061,0.0,0.93
30062,0.02,0.45
30063,0.0,0.34
30064,0.11,0.95
30065,0.01,0.51
30066,0.09,0.04
30067,0.02,0.54
30068,0.01,0.3
30069,0.18,0.25
30070,0.91,0.14
30071,0.05,0.85
30072,0.01,0.81
30073,0.97,0.89
30074,0.75,1.0
30075,0.86,0.27
30076,0.77,0.13
30077,0.96,0.77
30078,0.04,0.17
30079,0.32,0.21
30080,0.05,0.89
30081,0.05,0.92
30082,0.03,1.0
30083,0.06,0.31
30084,0.06,0.56
30085,0.72,0.19
30086,0.0,0.24
30087,0.0,0.38
30088,0.1,0.32
30089,0.02,0.38
30090,0.12,0.1
30091,1.0,0.96
30092,0.06,0.07
30093,0.82,0.6
30094,0.62,0.96
30095,0.0,0.26
30096,0.09,0.38
30097,0.17,0.87
30098,0.03,0.48
30099,0.04,0.1
30100,0.07,0.06
30101,0.03,0.03
30102,0.0,0.26
30103,0.96,0.41
30104,0.72,0.7
30105,0.0,0.41
30106,0.0,0.69
30107,0.09,0.88
30108,0.8,0.29
30109,0.0,0.16
30110,0.01,0.88
30111,0.01,0.97
30112,0.01,0.15
30113,0.08,0.89
30114,0.93,0.69
30115,0.91,1.0
30116,0.09,0.38
30117,0.05,0.27
30118,0.0,0.32
30119,0.06,0.19
30120,0.01,0.72
30121,0.08,0.87
30122,0.09,0.02
30123,0.25,0.06
30124,0.13,0.37
30125,0.06,0.42
30126,0.0,0.29
30127,0.1,0.26
30128,0.04,0.6
30129,0.0,0.92
30130,0.08,0.39
30131,0.88,0.61
30132,0.91,0.19
30133,0.02,0.24
30134,0.01,0.77
30135,1.0,0.27
30136,0.0,0.57
30137,0.01,0.13
30138,0.01,0.41
30139,0.01,0.66
30140,0.92,0.04
30141,0.01,0.54
30142,0.03,0.93
30143,0.0,0.48
30144,0.1,0.56
30145,0.03,0.63
30146,0.0,0.3
30147,0.09,0.76
30148,0.82,0.44
30149,0.77,0.14
30150,0.9,0.78
30151,0.18,0.98
30152,0.29,0.23
30153,0.03,0.98
30154,0.02,0.99
30155,0.01,0.83
30156,0.63,0.61
30157,0.57,0.47
30158,0.34,0.86
30159,0.06,0.35
30160,0.0,0.65
30161,0.09,0.09
30162,0.03,0.42
30163,0.04,0.04
30164,0.68,0.95
30165,0.12,0.33
30166,0.0,0.95
30167,0.04,0.19
30168,0.96,0.11
30169,0.02,0.08
30170,0.73,0.21
30171,0.0,0.04
30172,0.12,0.71
30173,0.0,0.59
30174,0.02,0.61
30175,0.1,0.33
30176,0.02,0.89
30177,0.01,0.89
30178,0.0,0.51
30179,0.0,0.14
30180,0.09,0.51
30181,0.04,0.96
30182,0.01,0.96
30183,0.18,0.83
30184,0.24,0.52
30185,0.05,0.81
30186,0.0,0.28
30187,0.05,0.67
30188,0.09,0.81
30189,0.01,0.11
30190,0.06,0.08
30191,0.69,0.61
30192,0.01,0.36
30193,0.0,0.49
30194,0.21,0.04
30195,0.07,0.65
30196,0.08,0.91
30197,0.94,0.86
30198,0.0,0.54
30199,0.0,0.21
30200,0.06,0.84
30201,0.01,0.07
30202,0.0,0.32
30203,0.0,0.67
30204,0.01,0.26
30205,0.07,0.16
30206,0.0,0.35
30207,0.01,0.82
30208,0.05,0.42
30209,0.0,0.03
30210,0.01,0.85
30211,0.1,0.18
30212,0.97,0.52
30213,0.12,0.78
30214,0.0,0.54
30215,0.03,0.1
30216,0.02,0.63
30217,0.05,0.86
30218,0.21,0.2
30219,0.01,0.69
30220,0.26,0.92
30221,0.0,0.18
30222,0.05,0.07
30223,0.0,0.71
30224,0.18,0.3
30225,0.02,0.14
30226,0.05,0.85
30227,0.0,0.88
30228,0.01,0.54
30229,0.0,0.22
30230,0.18,0.11
30231,0.0,0.84
30232,0.72,0.41
30233,0.1,0.23
30234,0.2,0.31
30235,0.01,0.42
30236,0.75,0.99
30237,0.27,0.65
30238,0.21,0.33
30239,0.0,0.48
30240,0.03,0.94
30241,0.98,0.98
30242,0.05,0.45
30243,0.0,0.57
30244,0.13,0.23
30245,0.04,0.43
30246,0.9,0.94
30247,0.01,0.32
30248,0.1,0.85
30249,0.94,0.99
30250,0.01,0.19
30251,0.0,0.81
30252,0.0,0.58
30253,0.0,0.98
30254,0.0,0.28
30255,0.68,0.26
30256,0.88,0.72
30257,0.0,0.98
30258,0.08,0.44
30259,0.03,0.28
30260,0.0,0.65
30261,0.01,0.97
30262,0.33,0.67
30263,0.0,0.01
30264,0.04,0.19
30265,0.9,0.1
30266,0.08,0.0
30267,0.05,0.0
30268,0.0,0.25
30269,0.01,0.73
30270,0.09,0.92
30271,0.0,0.96
30272,0.03,0.42
30273,0.02,0.17
30274,0.11,0.65
30275,0.02,0.62
30276,0.99,0.15
30277,0.04,0.58
30278,0.16,0.64
30279,0.13,0.89
30280,0.06,0.71
30281,0.05,0.03
30282,0.03,0.07
30283,0.02,0.34
30284,0.15,0.15
30285,0.33,0.55
30286,0.0,0.27
30287,0.25,0.34
30288,0.05,0.5
30289,0.06,0.2
30290,0.01,0.18
30291,0.19,0.03
30292,0.05,0.95
30293,0.1,0.43
30294,0.0,0.71
30295,0.99,0.2
30296,0.17,0.49
30297,0.03,0.11
30298,0.11,0.34
30299,0.01,0.46
30300,0.09,0.91
30301,0.17,0.48
30302,0.06,0.39
30303,0.08,0.56
30304,0.1,0.46
30305,0.07,0.84
30306,0.83,0.79
30307,0.3,0.92
30308,0.07,0.5
30309,0.93,0.97
30310,0.06,0.86
30311,0.99,0.22
30312,0.0,0.68
30313,0.1,0.35
30314,0.06,0.06
30315,0.0,0.31
30316,0.05,0.62
30317,0.03,0.63
30318,0.79,0.8
30319,0.09,0.68
30320,0.73,0.98
30321,0.9,0.04
30322,0.07,0.07
30323,0.12,0.55
30324,0.02,0.48
30325,0.11,0.06
30326,0.08,0.36
30327,0.05,0.96
30328,0.0,0.7
30329,0.01,0.0
30330,0.0,0.17
30331,0.0,0.82
30332,0.14,0.06
30333,0.04,0.25
30334,0.86,0.52
30335,1.0,0.78
30336,0.85,0.11
30337,0.9,0.96
30338,0.0,0.89
30339,0.03,0.5
30340,0.79,0.43
30341,0.22,0.49
30342,0.03,0.71
30343,0.2,0.45
30344,0.75,0.79
30345,0.01,0.16
30346,0.11,0.22
30347,0.0,0.54
30348,0.01,0.22
30349,0.0,0.79
30350,0.11,0.37
30351,0.06,0.1
30352,0.03,0.51
30353,0.01,0.33
30354,0.03,0.18
30355,0.01,0.12
30356,0.0,0.05
30357,0.99,0.07
30358,0.16,0.86
30359,0.68,0.41
30360,0.73,0.89
30361,0.12,0.75
30362,0.01,0.45
30363,0.07,0.32
30364,0.01,0.88
30365,0.02,0.55
30366,0.08,0.51
30367,0.01,0.88
30368,0.01,0.07
30369,0.01,0.03
30370,0.01,0.78
30371,0.69,0.21
30372,0.02,0.24
30373,0.01,0.32
30374,0.89,0.6
30375,0.06,0.29
30376,0.01,0.22
30377,0.02,0.22
30378,0.0,0.84
30379,0.04,0.97
30380,0.02,0.55
30381,0.07,0.21
30382,0.08,0.87
30383,0.0,0.5
30384,0.01,0.39
30385,0.86,0.37
30386,0.08,0.65
30387,0.1,0.94
30388,0.01,0.02
30389,0.89,0.41
30390,0.69,0.51
30391,0.83,0.81
30392,0.12,0.34
30393,0.05,0.23
30394,0.12,0.52
30395,0.02,0.22
30396,0.01,0.27
30397,0.39,0.25
30398,0.13,0.9
30399,0.01,0.41
30400,0.01,0.52
30401,0.76,0.37
30402,0.19,0.39
30403,0.81,0.46
30404,0.0,0.76
30405,0.0,0.08
30406,1.0,0.46
30407,0.78,0.04
30408,0.29,0.21
30409,0.69,0.46
30410,0.0,0.78
30411,0.75,0.76
30412,0.06,0.6
30413,0.0,0.2
30414,0.02,0.04
30415,0.05,0.74
30416,0.02,0.15
30417,0.81,0.24
30418,0.03,0.01
30419,0.02,0.07
30420,0.01,0.44
30421,0.17,0.41
30422,0.96,0.25
30423,0.0,0.62
30424,0.0,0.03
30425,0.03,0.94
30426,0.02,0.96
30427,0.0,0.7
30428,0.1,0.68
30429,0.0,0.72
30430,0.05,0.9
30431,0.0,0.31
30432,0.88,0.61
30433,0.71,0.13
30434,0.02,0.48
30435,0.0,0.42
30436,0.11,0.19
30437,0.03,0.74
30438,0.98,0.13
30439,0.03,0.41
30440,0.02,0.71
30441,0.0,0.57
30442,0.06,0.45
30443,0.18,0.63
30444,0.01,0.1
30445,0.01,0.86
30446,0.0,0.19
30447,0.75,0.72
30448,0.0,0.42
30449,0.18,0.64
30450,0.07,0.86
30451,0.91,0.43
30452,0.07,0.43
30453,0.01,0.42
30454,0.03,0.42
30455,0.77,0.34
30456,0.0,0.54
30457,0.0,0.1
30458,0.1,0.6
30459,0.03,0.24
30460,0.92,0.42
30461,0.01,0.58
30462,0.02,0.13
30463,0.0,0.05
30464,0.02,0.57
30465,0.03,0.78
30466,0.97,0.31
30467,0.01,0.17
30468,0.01,0.2
30469,0.01,0.36
30470,0.04,0.03
30471,0.0,0.57
30472,0.07,0.18
30473,0.01,0.14
30474,0.21,0.45
30475,0.09,0.01
30476,0.65,0.39
30477,0.85,0.17
30478,0.1,0.6
30479,0.14,0.8
30480,0.01,0.22
30481,0.0,0.4
30482,0.0,0.5
30483,0.0,0.31
30484,0.02,0.43
30485,0.01,0.74
30486,0.0,0.92
30487,0.01,0.88
30488,0.08,0.61
30489,0.05,0.39
30490,0.68,0.83
30491,0.95,0.41
30492,0.04,0.16
30493,0.0,0.45
30494,0.84,0.16
30495,0.75,0.33
30496,0.0,0.2
30497,0.16,0.75
30498,0.15,0.14
30499,0.66,0.99
30500,0.02,0.08
30501,0.04,0.68
30502,0.02,0.46
30503,0.79,0.49
30504,0.12,0.6
30505,0.08,0.26
30506,0.84,0.86
30507,0.0,0.43
30508,0.09,0.97
30509,0.92,0.69
30510,0.01,0.01
30511,0.06,0.28
30512,0.02,0.31
30513,0.12,0.11
30514,0.07,0.52
30515,0.15,0.44
30516,0.01,0.58
30517,0.67,0.08
30518,0.95,0.22
30519,0.88,0.84
30520,0.78,0.24
30521,0.05,0.01
30522,0.66,0.96
30523,0.75,0.95
30524,0.02,0.15
30525,0.0,0.94
30526,0.03,0.23
30527,0.16,0.24
30528,0.8,0.72
30529,0.0,0.59
30530,0.94,0.82
30531,0.0,0.88
30532,0.0,0.22
30533,0.13,0.22
30534,0.77,0.95
30535,0.85,0.18
30536,0.91,0.69
30537,0.02,0.72
30538,0.0,0.13
30539,0.86,1.0
30540,0.13,0.89
30541,0.05,0.56
30542,0.01,0.43
30543,0.98,0.94
30544,0.02,0.26
30545,0.01,0.1
30546,0.02,0.96
30547,0.0,0.74
30548,0.18,0.89
30549,0.22,0.55
30550,0.06,0.36
30551,0.02,0.69
30552,0.1,0.98
30553,0.01,0.32
30554,0.02,0.3
30555,0.01,0.29
30556,0.06,0.46
30557,0.0,0.7
30558,0.08,0.97
30559,0.02,0.56
30560,0.0,0.06
30561,0.01,0.54
30562,0.08,0.14
30563,0.08,0.84
30564,0.07,0.99
30565,0.09,0.08
30566,0.04,0.42
30567,0.04,0.85
30568,0.03,0.66
30569,0.01,0.33
30570,0.04,0.3
30571,0.0,0.88
30572,0.02,0.54
30573,0.06,0.35
30574,0.84,0.06
30575,0.01,0.23
30576,0.01,0.05
30577,0.0,0.28
30578,0.05,0.08
30579,0.03,0.46
30580,0.91,0.08
30581,0.02,0.74
30582,0.62,0.29
30583,0.22,0.26
30584,0.05,0.08
30585,0.23,0.85
30586,0.16,0.44
30587,0.03,0.82
30588,0.0,0.25
30589,0.04,0.37
30590,0.0,0.45
30591,0.04,0.58
30592,0.18,0.94
30593,0.0,0.05
30594,0.05,0.18
30595,0.07,0.14
30596,0.03,0.91
30597,0.84,0.12
30598,0.02,0.47
30599,0.07,0.05
30600,0.01,0.57
30601,0.98,0.67
30602,0.96,0.86
30603,0.85,0.4
30604,0.86,0.15
30605,0.29,0.37
30606,0.04,0.02
30607,0.0,0.7
30608,0.01,0.04
30609,0.96,0.97
30610,0.33,0.22
30611,0.01,0.09
30612,0.05,0.01
30613,0.04,0.94
30614,0.0,0.78
30615,0.05,0.09
30616,0.73,0.19
30617,0.03,0.26
30618,0.0,0.84
30619,0.01,0.0
30620,0.91,0.95
30621,0.67,0.46
30622,0.1,0.15
30623,0.0,0.87
30624,0.0,0.89
30625,0.03,0.71
30626,0.15,0.84
30627,0.04,0.25
30628,0.02,0.53
30629,0.06,0.59
30630,0.0,0.2
30631,0.04,0.78
30632,0.0,0.17
30633,0.06,0.95
30634,1.0,0.04
30635,0.22,0.03
30636,0.01,0.37
30637,0.01,0.15
30638,0.01,0.47
30639,0.04,0.52
30640,0.06,0.37
30641,0.01,0.62
30642,0.72,0.19
30643,0.26,0.94
30644,0.17,0.01
30645,0.09,0.18
30646,0.0,0.49
30647,0.08,0.84
30648,0.0,0.62
30649,0.01,0.5
30650,0.05,0.0
30651,0.89,0.97
30652,0.0,0.55
30653,0.87,0.49
30654,0.08,0.69
30655,0.01,0.36
30656,0.0,0.17
30657,0.0,0.06
30658,0.07,0.06
30659,0.06,0.59
30660,0.02,0.5
30661,0.02,0.88
30662,0.03,0.23
30663,0.99,0.46
30664,0.03,0.52
30665,0.0,0.13
30666,0.04,0.24
30667,0.02,0.96
30668,0.97,0.35
30669,0.05,0.23
30670,0.01,0.59
30671,0.0,0.3
30672,0.12,0.79
30673,0.04,0.59
30674,0.01,0.37
30675,0.02,0.25
30676,0.0,0.19
30677,0.05,0.39
30678,0.0,0.83
30679,0.07,0.66
30680,0.05,0.91
30681,0.0,0.57
30682,0.0,0.27
30683,0.12,0.51
30684,0.15,0.25
30685,0.04,0.38
30686,0.13,0.76
30687,0.11,0.37
30688,0.02,0.53
30689,0.05,0.76
30690,0.02,0.8
30691,0.07,0.4
30692,0.0,0.68
30693,0.01,0.03
30694,0.01,0.42
30695,0.77,0.62
30696,0.66,0.35
30697,0.71,0.29
30698,0.0,0.1
30699,0.02,0.21
30700,0.01,0.53
30701,0.69,0.7
30702,0.01,0.98
30703,0.94,1.0
30704,0.08,0.28
30705,0.04,0.23
30706,0.04,0.16
30707,0.01,0.81
30708,0.09,0.15
30709,0.01,0.97
30710,0.07,0.96
30711,0.04,0.23
30712,0.01,0.14
30713,0.01,0.95
30714,0.01,0.69
30715,0.32,0.38
30716,0.13,0.71
30717,0.01,0.63
30718,0.0,0.43
30719,0.05,0.06
30720,0.81,0.17
30721,0.85,0.2
30722,0.03,0.03
30723,0.74,0.97
30724,0.0,0.94
30725,0.03,0.99
30726,0.1,0.09
30727,0.05,0.91
30728,0.18,0.95
30729,0.0,0.03
30730,0.0,0.88
30731,0.03,0.89
30732,0.0,0.39
30733,0.67,0.83
30734,0.21,0.78
30735,0.06,0.95
30736,0.01,0.9
30737,0.02,0.08
30738,0.24,0.11
30739,0.09,0.15
30740,0.15,0.29
30741,0.0,0.36
30742,0.04,0.06
30743,0.07,0.38
30744,0.98,0.17
30745,0.06,0.91
30746,0.11,0.61
30747,0.0,0.25
30748,0.08,0.37
30749,0.0,0.05
30750,0.1,0.01
30751,0.0,0.27
30752,0.18,0.62
30753,0.02,0.98
30754,0.85,0.87
30755,0.01,0.33
30756,0.02,0.49
30757,0.14,0.93
30758,0.15,0.27
30759,0.02,0.8
30760,0.03,0.73
30761,0.04,0.99
30762,0.0,0.78
30763,0.01,0.39
30764,0.57,0.2
30765,0.12,0.95
30766,0.33,0.35
30767,0.07,0.58
30768,0.03,0.21
30769,0.08,0.35
30770,0.75,0.07
30771,0.0,0.85
30772,0.07,0.88
30773,0.56,0.21
30774,0.94,0.18
30775,0.15,0.09
30776,0.07,0.13
30777,0.01,0.32
30778,0.78,0.83
30779,0.05,0.79
30780,0.05,0.04
30781,0.01,0.06
30782,0.11,0.54
30783,0.86,0.18
30784,0.9,0.38
30785,0.0,0.76
30786,0.01,0.02
30787,0.12,0.9
30788,0.94,0.23
30789,0.71,0.5
30790,0.0,0.05
30791,0.9,0.62
30792,0.09,0.94
30793,0.11,0.32
30794,0.05,0.05
30795,0.02,0.45
30796,0.08,0.94
30797,0.21,0.03
30798,0.01,0.07
30799,0.01,0.07
30800,0.0,0.7
30801,0.17,0.03
30802,0.01,0.4
30803,0.85,0.45
30804,0.14,0.9
30805,0.0,0.45
30806,0.04,0.32
30807,0.79,0.18
30808,0.0,0.26
30809,0.0,0.58
30810,0.98,0.54
30811,0.01,0.9
30812,0.01,0.11
30813,0.03,0.42
30814,0.01,0.94
30815,0.02,0.92
30816,0.77,0.26
30817,0.14,0.86
30818,0.08,0.98
30819,0.04,0.7
30820,0.71,0.02
30821,0.8,0.63
30822,0.0,0.91
30823,0.12,0.32
30824,0.0,0.64
30825,0.72,0.18
30826,0.0,0.58
30827,0.0,0.27
30828,0.05,0.11
30829,0.04,0.17
30830,0.83,0.46
30831,0.09,0.5
30832,0.07,0.15
30833,0.11,0.15
30834,0.02,0.36
30835,0.18,0.77
30836,0.02,0.07
30837,0.04,0.51
30838,0.03,0.95
30839,0.02,0.35
30840,0.01,0.58
30841,0.05,0.06
30842,0.01,0.46
30843,0.66,0.41
30844,0.04,0.56
30845,0.08,0.19
30846,0.02,0.36
30847,0.08,0.13
30848,0.02,0.13
30849,0.2,0.05
30850,0.01,0.25
30851,0.0,0.3
30852,0.03,0.1
30853,0.04,0.01
30854,0.03,0.44
30855,0.01,0.71
30856,0.81,0.37
30857,0.02,0.2
30858,0.19,0.46
30859,0.89,0.34
30860,0.0,0.54
30861,0.23,0.72
30862,0.09,0.91
30863,0.16,0.47
30864,0.02,0.09
30865,0.79,0.13
30866,0.02,0.03
30867,0.85,0.68
30868,0.02,0.61
30869,0.14,0.47
30870,0.02,0.58
30871,0.06,0.11
30872,0.02,0.04
30873,0.04,0.91
30874,0.0,0.06
30875,0.08,0.08
30876,0.05,0.39
30877,0.58,0.82
30878,0.89,0.22
30879,0.0,0.58
30880,0.02,0.39
30881,1.0,0.9
30882,0.86,0.15
30883,0.0,0.3
30884,0.02,0.79
30885,0.89,0.28
30886,0.06,0.92
30887,0.0,0.08
30888,0.0,0.23
30889,0.05,0.45
30890,0.02,0.65
30891,0.06,0.59
30892,0.9,0.05
30893,0.03,0.49
30894,0.79,0.31
30895,0.02,0.81
30896,0.17,0.61
30897,0.04,0.63
30898,0.12,0.85
30899,0.06,0.98
30900,0.73,0.12
30901,0.18,0.77
30902,0.15,0.03
30903,0.12,0.08
30904,0.03,0.42
30905,0.96,0.9
30906,0.01,0.35
30907,0.13,0.14
30908,0.0,0.22
30909,0.04,0.78
30910,0.12,0.91
30911,0.0,0.55
30912,0.01,0.72
30913,0.04,0.22
30914,0.02,0.05
30915,0.17,0.78
30916,0.0,0.06
30917,0.19,0.46
30918,0.02,0.55
30919,0.08,0.11
30920,0.09,0.12
30921,0.73,0.55
30922,0.03,0.12
30923,0.01,0.35
30924,0.0,0.17
30925,0.05,0.78
30926,0.03,0.74
30927,0.08,0.15
30928,0.07,0.58
30929,0.74,0.26
30930,0.02,0.86
30931,0.78,0.86
30932,0.81,0.8
30933,0.22,0.46
30934,0.11,0.24
30935,0.0,0.47
30936,0.01,0.23
30937,0.01,0.95
30938,0.0,0.99
30939,0.11,0.32
30940,0.02,0.89
30941,0.02,0.01
30942,0.01,0.77
30943,0.2,0.92
30944,0.1,0.21
30945,0.01,0.03
30946,0.05,0.73
30947,0.01,0.45
30948,0.05,0.9
30949,0.04,0.95
30950,0.04,0.98
30951,0.01,0.45
30952,0.01,0.36
30953,0.04,0.74
30954,0.25,0.7
30955,0.04,0.71
30956,0.06,0.61
30957,0.61,0.07
30958,0.05,0.79
30959,0.01,0.75
30960,0.09,0.47
30961,0.02,0.63
30962,0.02,0.01
30963,0.04,0.99
30964,0.0,0.58
30965,0.01,0.45
30966,0.08,0.05
30967,0.14,0.83
30968,0.03,0.79
30969,0.03,0.98
30970,0.13,0.14
30971,0.85,0.04
30972,0.92,0.41
30973,0.02,0.11
30974,0.18,0.8
30975,0.88,0.6
30976,0.0,0.33
30977,0.99,0.47
30978,0.99,0.51
30979,0.07,0.81
30980,0.05,0.98
30981,0.03,0.29
30982,0.01,0.17
30983,0.07,0.82
30984,0.03,0.56
30985,0.12,0.67
30986,0.67,0.1
30987,0.78,0.16
30988,0.12,0.81
30989,0.01,0.87
30990,0.0,0.94
30991,0.07,0.13
30992,0.03,0.21
30993,0.0,0.17
30994,0.01,0.06
30995,0.15,0.2
30996,0.02,0.48
30997,0.0,0.81
30998,0.04,0.73
30999,0.98,0.91
31000,0.17,0.04
31001,0.02,0.81
31002,0.06,0.13
31003,0.01,0.21
31004,0.08,0.8
31005,0.89,0.51
31006,0.01,0.06
31007,0.0,0.42
31008,0.11,0.42
31009,0.1,0.43
31010,0.02,0.48
31011,0.05,0.61
31012,0.01,0.53
31013,0.06,0.25
31014,0.17,0.35
31015,0.07,0.17
31016,0.13,0.5
31017,0.28,0.17
31018,0.2,0.3
31019,0.82,0.79
31020,0.0,0.66
31021,0.01,0.15
31022,0.09,0.99
31023,0.84,0.13
31024,0.07,0.4
31025,0.02,0.85
31026,0.0,0.19
31027,0.01,0.48
31028,0.01,0.92
31029,0.93,0.08
31030,0.07,0.25
31031,0.01,0.43
31032,0.78,0.46
31033,0.96,0.12
31034,0.02,0.71
31035,0.1,0.71
31036,0.01,0.92
31037,0.05,0.15
31038,0.0,0.23
31039,0.06,0.91
31040,0.02,0.16
31041,0.04,0.93
31042,0.86,0.48
31043,0.0,0.41
31044,0.04,0.32
31045,0.05,0.54
31046,0.01,0.64
31047,0.08,0.01
31048,0.03,0.8
31049,0.01,0.16
31050,0.0,0.16
31051,0.05,0.27
31052,0.04,0.64
31053,0.0,0.06
31054,0.03,0.57
31055,0.06,0.49
31056,0.12,0.14
31057,0.05,0.5
31058,0.0,0.74
31059,0.0,0.27
31060,0.94,0.56
31061,0.0,0.28
31062,0.0,0.37
31063,0.75,0.6
31064,0.02,0.55
31065,0.05,0.05
31066,0.0,0.95
31067,0.11,0.41
31068,0.92,0.24
31069,0.07,1.0
31070,0.0,0.36
31071,0.04,0.7
31072,0.0,0.12
31073,0.83,0.9
31074,0.18,0.98
31075,0.02,0.7
31076,0.01,0.96
31077,0.03,0.3
31078,0.75,0.29
31079,0.07,0.91
31080,0.04,0.93
31081,0.01,0.65
31082,0.01,0.69
31083,0.07,0.83
31084,0.13,0.24
31085,0.04,0.31
31086,0.0,0.43
31087,0.02,0.77
31088,0.0,0.82
31089,0.0,0.1
31090,0.99,0.57
31091,0.04,0.79
31092,0.06,0.12
31093,0.02,0.12
31094,0.07,0.56
31095,0.0,0.35
31096,0.0,0.1
31097,0.04,0.71
31098,0.07,0.07
31099,0.06,0.32
31100,0.01,0.92
31101,0.0,0.56
31102,0.0,0.71
31103,0.11,0.85
31104,0.01,0.73
31105,0.0,0.76
31106,0.01,0.68
31107,0.17,0.45
31108,0.76,0.13
31109,0.0,0.12
31110,0.8,0.2
31111,0.0,0.71
31112,0.16,0.13
31113,0.86,0.27
31114,0.0,0.91
31115,0.0,0.15
31116,0.0,0.07
31117,0.04,0.71
31118,0.02,0.44
31119,0.03,0.3
31120,0.87,0.3
31121,0.12,0.93
31122,0.08,0.66
31123,0.01,0.22
31124,0.02,0.01
31125,0.01,0.27
31126,0.06,0.29
31127,0.12,0.05
31128,0.01,0.63
31129,0.81,0.0
31130,0.02,0.01
31131,0.24,0.78
31132,0.15,0.96
31133,0.04,0.29
31134,0.0,0.73
31135,0.16,0.92
31136,0.85,0.81
31137,0.01,0.01
31138,0.73,0.63
31139,0.07,0.57
31140,0.66,0.13
31141,0.01,0.73
31142,0.07,0.99
31143,0.06,0.49
31144,0.07,0.9
31145,0.04,0.5
31146,0.11,0.05
31147,0.14,0.3
31148,0.04,0.62
31149,0.07,0.06
31150,0.6,0.54
31151,0.02,0.13
31152,0.14,0.33
31153,0.0,0.18
31154,0.0,0.15
31155,0.03,0.96
31156,0.07,0.34
31157,0.0,0.71
31158,0.05,0.97
31159,0.09,0.02
31160,0.05,0.73
31161,0.08,0.38
31162,0.83,0.7
31163,0.27,0.34
31164,0.04,0.49
31165,0.0,0.31
31166,0.6,0.28
31167,0.02,0.36
31168,0.14,0.5
31169,0.0,0.43
31170,0.61,0.05
31171,0.05,0.24
31172,0.32,0.97
31173,0.05,0.77
31174,0.04,0.24
31175,0.98,0.1
31176,0.31,0.29
31177,0.72,0.89
31178,0.06,0.93
31179,0.05,0.84
31180,0.02,0.47
31181,0.07,0.5
31182,0.01,0.43
31183,0.04,0.35
31184,0.02,0.19
31185,0.82,0.22
31186,0.79,0.39
31187,0.01,0.18
31188,0.01,0.23
31189,0.03,0.36
31190,0.11,0.4
31191,0.08,0.44
31192,0.01,0.21
31193,0.14,0.23
31194,0.03,0.24
31195,0.03,0.19
31196,0.01,0.89
31197,0.03,0.24
31198,0.8,0.36
31199,0.65,0.48
31200,0.02,0.5
31201,0.03,0.01
31202,0.44,0.86
31203,0.66,0.01
31204,0.04,0.02
31205,0.0,0.9
31206,0.0,0.23
31207,0.27,0.19
31208,0.71,0.83
31209,0.0,0.6
31210,0.79,0.89
31211,0.01,0.14
31212,0.65,0.37
31213,0.68,0.2
31214,0.02,0.17
31215,0.09,0.6
31216,0.0,0.01
31217,0.03,0.82
31218,0.02,0.89
31219,0.02,0.75
31220,0.0,0.39
31221,0.25,0.57
31222,0.07,0.48
31223,0.74,0.39
31224,0.86,0.8
31225,0.0,0.18
31226,0.1,0.81
31227,0.0,0.11
31228,0.07,0.4
31229,0.14,0.76
31230,0.04,0.12
31231,0.06,0.0
31232,0.96,0.57
31233,0.01,0.76
31234,0.08,0.78
31235,0.05,0.59
31236,0.02,1.0
31237,0.04,0.28
31238,0.1,0.98
31239,0.22,0.59
31240,0.71,0.54
31241,0.0,0.33
31242,0.72,0.04
31243,0.01,0.59
31244,0.06,0.45
31245,0.01,0.42
31246,0.0,0.3
31247,0.0,0.78
31248,0.03,0.66
31249,0.02,0.05
31250,0.19,0.57
31251,0.0,0.97
31252,0.03,0.12
31253,0.04,0.99
31254,0.04,0.37
31255,0.07,0.51
31256,0.02,0.24
31257,0.15,0.48
31258,0.82,0.17
31259,0.27,0.89
31260,0.0,0.03
31261,0.86,0.22
31262,0.72,0.89
31263,0.04,0.32
31264,0.14,0.34
31265,0.0,0.52
31266,0.0,0.04
31267,0.0,0.84
31268,0.03,1.0
31269,0.11,0.1
31270,0.04,0.74
31271,0.8,0.35
31272,0.01,0.68
31273,0.02,0.21
31274,0.65,0.84
31275,0.14,0.02
31276,0.02,1.0
31277,0.74,0.22
31278,0.65,0.48
31279,0.75,0.04
31280,0.04,0.85
31281,0.02,0.09
31282,0.04,0.51
31283,0.02,0.33
31284,0.03,0.17
31285,0.05,0.96
31286,0.04,0.59
31287,0.03,0.65
31288,0.01,0.34
31289,0.0,0.74
31290,0.03,0.01
31291,0.01,0.07
31292,0.0,0.98
31293,0.26,0.57
31294,0.01,0.98
31295,0.03,0.13
31296,0.68,0.45
31297,0.11,0.94
31298,0.0,0.81
31299,0.14,0.49
31300,0.17,0.73
31301,0.02,0.76
31302,0.05,0.63
31303,0.08,0.06
31304,0.01,0.41
31305,0.85,0.65
31306,0.03,0.8
31307,0.95,0.01
31308,0.98,0.37
31309,0.06,0.58
31310,0.01,0.8
31311,0.0,0.23
31312,0.1,0.73
31313,0.97,0.21
31314,0.0,0.59
31315,0.03,0.21
31316,0.07,0.23
31317,0.01,0.14
31318,0.85,0.5
31319,0.0,0.5
31320,0.0,0.97
31321,0.06,0.09
31322,0.0,0.99
31323,0.12,0.88
31324,0.0,0.31
31325,0.1,0.52
31326,0.01,0.92
31327,0.0,0.2
31328,0.0,0.98
31329,0.0,0.77
31330,0.07,0.03
31331,0.02,0.32
31332,0.0,0.84
31333,0.02,0.83
31334,0.09,0.23
31335,0.73,0.11
31336,0.12,0.32
31337,0.01,0.18
31338,0.05,0.33
31339,0.08,0.7
31340,0.94,0.23
31341,0.01,0.55
31342,0.0,0.05
31343,0.23,0.25
31344,0.02,0.7
31345,0.85,0.96
31346,0.06,0.52
31347,0.96,0.33
31348,0.01,0.43
31349,0.15,0.08
31350,0.02,0.83
31351,0.05,0.95
31352,0.04,0.15
31353,0.11,0.24
31354,0.05,0.95
31355,0.11,0.9
31356,0.0,0.29
31357,0.81,0.56
31358,0.01,0.18
31359,0.91,0.22
31360,0.73,0.12
31361,0.0,0.62
31362,0.68,0.3
31363,0.05,0.64
31364,0.0,0.39
31365,0.17,0.59
31366,0.22,0.05
31367,0.03,0.04
31368,0.6,0.4
31369,0.0,0.6
31370,0.11,0.27
31371,0.19,0.1
31372,0.0,0.78
31373,0.02,0.74
31374,0.0,0.29
31375,0.0,0.64
31376,0.15,0.82
31377,0.14,1.0
31378,0.07,0.36
31379,0.07,0.74
31380,0.02,0.56
31381,0.75,0.28
31382,0.01,0.43
31383,0.01,1.0
31384,0.03,0.99
31385,0.1,0.65
31386,0.06,0.7
31387,0.99,0.73
31388,0.14,0.3
31389,0.06,0.76
31390,0.03,0.4
31391,0.98,0.98
31392,0.07,0.9
31393,0.68,0.08
31394,0.0,0.53
31395,0.02,0.01
31396,0.01,0.7
31397,0.08,0.17
31398,0.02,0.37
31399,0.87,0.96
31400,0.75,0.86
31401,0.02,0.77
31402,0.07,0.89
31403,0.02,0.18
31404,0.01,0.09
31405,0.78,0.52
31406,0.95,0.71
31407,0.01,0.67
31408,0.85,0.3
31409,0.15,0.11
31410,0.0,0.39
31411,0.65,0.31
31412,0.02,0.6
31413,0.69,0.15
31414,0.03,0.23
31415,0.01,0.21
31416,0.0,0.59
31417,0.05,0.85
31418,0.02,0.05
31419,0.67,0.8
31420,0.01,0.0
31421,0.02,0.04
31422,0.07,0.19
31423,0.06,0.88
31424,0.23,0.56
31425,0.02,0.29
31426,0.97,0.86
31427,0.11,0.55
31428,0.79,0.52
31429,0.03,0.78
31430,0.02,0.49
31431,0.03,0.31
31432,0.84,0.08
31433,0.0,0.97
31434,0.03,0.3
31435,0.73,0.15
31436,0.02,0.62
31437,0.0,0.67
31438,0.02,0.43
31439,0.05,0.86
31440,0.14,0.79
31441,0.07,0.71
31442,0.06,0.83
31443,0.05,0.03
31444,0.09,0.14
31445,0.06,0.48
31446,0.2,0.94
31447,0.09,0.72
31448,0.08,0.98
31449,0.9,0.19
31450,0.13,0.75
31451,0.83,0.78
31452,0.04,0.04
31453,0.07,0.2
31454,0.58,0.84
31455,0.0,0.89
31456,0.02,0.35
31457,0.0,0.3
31458,0.87,0.73
31459,0.0,0.2
31460,0.11,0.0
31461,0.05,0.51
31462,0.0,0.96
31463,0.17,0.85
31464,0.62,0.26
31465,0.05,0.97
31466,0.6,0.2
31467,0.04,0.92
31468,0.76,0.5
31469,0.11,0.57
31470,0.7,0.89
31471,0.01,0.73
31472,0.96,0.9
31473,0.0,0.89
31474,0.1,0.86
31475,0.0,0.8
31476,0.01,0.21
31477,0.73,0.39
31478,0.96,0.27
31479,0.26,0.91
31480,0.03,0.03
31481,0.0,0.68
31482,0.01,0.91
31483,0.13,0.08
31484,0.03,0.02
31485,0.09,0.15
31486,0.77,0.5
31487,0.06,0.94
31488,0.25,0.17
31489,0.01,0.73
31490,0.03,0.9
31491,0.2,0.65
31492,0.18,0.24
31493,0.08,0.13
31494,0.07,0.25
31495,0.09,0.34
31496,0.06,0.72
31497,0.03,0.11
31498,0.02,0.3
31499,0.19,0.23
31500,0.02,0.98
31501,0.06,0.72
31502,0.1,0.36
31503,0.06,0.12
31504,0.01,0.64
31505,0.0,0.94
31506,0.05,0.24
31507,0.06,0.76
31508,0.0,0.63
31509,0.04,0.95
31510,0.0,0.59
31511,0.81,0.36
31512,0.06,0.47
31513,0.76,0.57
31514,0.03,0.43
31515,0.01,0.42
31516,0.2,0.19
31517,0.75,0.3
31518,0.06,0.66
31519,0.29,0.44
31520,0.0,0.9
31521,0.08,0.99
31522,0.0,0.93
31523,0.68,0.48
31524,0.11,0.09
31525,0.96,0.74
31526,0.02,1.0
31527,0.01,0.47
31528,0.72,0.41
31529,0.11,0.49
31530,0.02,0.27
31531,0.03,0.46
31532,0.02,0.15
31533,0.19,0.81
31534,0.11,0.24
31535,0.21,0.71
31536,0.02,0.87
31537,0.07,0.49
31538,0.0,0.2
31539,0.86,0.88
31540,0.08,0.41
31541,0.01,0.62
31542,0.01,0.41
31543,0.25,0.11
31544,0.24,0.8
31545,0.2,0.33
31546,0.03,0.21
31547,0.01,0.97
31548,0.72,0.2
31549,0.06,0.85
31550,0.02,0.2
31551,0.09,0.67
31552,0.01,1.0
31553,0.05,0.42
31554,0.02,0.11
31555,0.0,0.73
31556,0.2,0.54
31557,0.08,0.11
31558,0.04,0.36
31559,0.82,0.87
31560,0.99,0.91
31561,0.77,0.1
31562,0.05,0.23
31563,0.06,0.14
31564,0.08,0.55
31565,0.0,0.84
31566,0.0,0.13
31567,0.01,0.23
31568,0.01,0.95
31569,0.0,0.3
31570,0.04,0.84
31571,0.08,0.43
31572,0.03,0.43
31573,0.03,0.29
31574,0.11,0.83
31575,0.0,0.29
31576,0.02,0.68
31577,0.22,0.38
31578,0.13,0.86
31579,0.04,0.1
31580,0.87,0.62
31581,0.0,0.99
31582,0.04,0.45
31583,0.89,0.69
31584,0.14,0.3
31585,0.07,0.17
31586,0.03,0.08
31587,0.02,0.59
31588,0.16,0.45
31589,0.22,0.13
31590,0.03,0.42
31591,0.11,0.41
31592,0.03,0.74
31593,0.05,0.13
31594,0.65,0.46
31595,0.01,0.31
31596,0.06,0.8
31597,0.94,0.71
31598,0.9,0.9
31599,0.73,0.87
31600,0.01,0.45
31601,0.03,0.79
31602,0.0,0.04
31603,0.01,0.39
31604,0.0,0.37
31605,0.08,0.31
31606,0.03,0.22
31607,0.16,0.46
31608,0.02,0.38
31609,0.11,0.18
31610,0.7,0.04
31611,0.0,0.72
31612,0.75,0.27
31613,0.17,0.0
31614,0.07,0.05
31615,0.98,0.45
31616,0.1,0.53
31617,0.1,0.63
31618,0.76,0.36
31619,0.07,0.18
31620,0.15,0.2
31621,0.06,0.1
31622,0.02,0.82
31623,0.04,0.07
31624,0.01,0.08
31625,0.01,0.89
31626,0.08,0.65
31627,0.03,0.01
31628,0.01,0.49
31629,0.02,0.34
31630,0.19,0.91
31631,0.08,0.17
31632,0.02,0.44
31633,0.01,0.28
31634,0.03,0.59
31635,0.0,0.14
31636,0.0,0.59
31637,0.17,0.25
31638,0.01,0.94
31639,0.07,0.89
31640,0.23,0.19
31641,0.07,0.91
31642,0.1,0.95
31643,0.01,0.26
31644,0.01,0.8
31645,0.08,0.01
31646,0.01,0.6
31647,0.02,0.99
31648,0.0,0.59
31649,0.09,0.75
31650,0.12,0.36
31651,0.08,0.9
31652,0.03,0.81
31653,0.21,0.26
31654,0.02,0.16
31655,0.13,0.24
31656,0.73,0.75
31657,0.06,0.34
31658,0.04,0.31
31659,0.03,0.87
31660,0.02,1.0
31661,0.02,0.89
31662,0.01,0.1
31663,0.17,0.55
31664,0.0,0.74
31665,0.01,0.95
31666,0.71,0.69
31667,0.24,0.31
31668,0.08,0.19
31669,0.04,0.16
31670,0.11,0.94
31671,0.13,0.4
31672,0.15,0.16
31673,0.05,0.73
31674,0.02,0.66
31675,0.0,0.58
31676,0.12,0.48
31677,0.13,0.33
31678,0.05,0.99
31679,0.15,0.74
31680,0.05,0.99
31681,0.0,0.07
31682,0.0,0.68
31683,0.04,0.09
31684,0.04,0.07
31685,0.08,0.68
31686,0.03,0.22
31687,0.0,0.68
31688,0.06,0.16
31689,0.01,0.78
31690,0.14,0.41
31691,0.0,0.66
31692,0.03,0.61
31693,0.79,0.16
31694,0.03,0.67
31695,0.82,0.52
31696,0.06,0.2
31697,0.11,0.76
31698,0.0,0.09
31699,0.05,0.89
31700,0.14,0.47
31701,0.17,0.92
31702,0.0,0.78
31703,0.07,0.17
31704,0.01,0.8
31705,0.71,0.71
31706,0.04,0.93
31707,0.13,0.79
31708,0.03,0.8
31709,0.2,0.72
31710,0.01,0.66
31711,0.01,0.35
31712,0.07,0.73
31713,0.79,0.07
31714,0.15,0.4
31715,0.88,1.0
31716,0.69,0.15
31717,0.24,0.72
31718,0.05,0.16
31719,0.01,0.22
31720,0.01,0.95
31721,0.31,0.05
31722,0.15,0.77
31723,0.73,0.27
31724,0.06,0.45
31725,0.05,0.02
31726,0.14,0.33
31727,0.17,0.46
31728,0.04,0.86
31729,0.83,0.51
31730,0.01,0.84
31731,0.02,0.43
31732,0.18,0.27
31733,0.0,0.75
31734,0.73,0.45
31735,0.76,0.74
31736,0.96,0.27
31737,0.01,0.18
31738,0.6,0.56
31739,0.05,0.98
31740,0.12,0.58
31741,0.04,0.31
31742,0.03,0.82
31743,0.0,0.37
31744,0.83,0.45
31745,0.0,0.12
31746,0.16,0.26
31747,0.07,0.43
31748,0.02,0.16
31749,0.03,0.88
31750,0.14,0.6
31751,0.08,0.07
31752,0.06,0.04
31753,0.04,0.85
31754,0.12,0.85
31755,0.74,0.0
31756,0.01,0.76
31757,0.07,0.95
31758,0.01,0.96
31759,0.01,0.19
31760,0.8,0.33
31761,0.03,0.27
31762,0.18,0.39
31763,0.0,0.61
31764,0.0,0.26
31765,0.14,0.76
31766,0.17,0.16
31767,0.25,0.83
31768,0.02,0.13
31769,0.01,0.05
31770,0.16,0.72
31771,0.04,0.46
31772,0.26,0.81
31773,0.81,0.29
31774,0.03,0.51
31775,0.03,0.98
31776,0.12,0.73
31777,0.01,0.26
31778,0.03,0.06
31779,0.81,0.04
31780,0.03,0.54
31781,0.05,0.23
31782,0.07,0.39
31783,0.73,0.2
31784,0.02,0.11
31785,0.06,0.27
31786,0.0,0.1
31787,0.06,0.33
31788,0.0,0.65
31789,0.01,0.35
31790,0.73,0.05
31791,0.04,0.03
31792,0.22,0.32
31793,0.63,0.16
31794,0.16,0.58
31795,0.11,0.07
31796,0.05,0.25
31797,0.18,0.66
31798,0.07,0.87
31799,0.02,0.03
31800,0.14,0.35
31801,0.2,0.87
31802,0.03,0.88
31803,0.03,0.97
31804,0.0,0.12
31805,0.14,0.05
31806,0.07,0.27
31807,0.73,0.68
31808,0.03,0.97
31809,0.01,0.33
31810,0.04,0.29
31811,0.12,0.34
31812,0.03,0.97
31813,0.0,0.56
31814,0.04,0.44
31815,0.08,0.5
31816,0.89,0.74
31817,0.12,0.04
31818,0.0,0.83
31819,0.09,0.1
31820,0.31,0.17
31821,0.03,0.28
31822,0.17,0.61
31823,0.0,0.48
31824,0.66,0.98
31825,0.0,0.32
31826,0.03,0.48
31827,0.1,0.39
31828,0.13,0.39
31829,0.01,0.02
31830,0.06,0.37
31831,0.02,0.73
31832,0.86,0.58
31833,0.87,0.83
31834,0.96,0.74
31835,0.01,0.3
31836,0.13,0.04
31837,0.74,0.68
31838,0.08,0.65
31839,0.75,0.26
31840,0.97,0.24
31841,0.04,0.35
31842,0.14,0.28
31843,0.75,0.69
31844,0.03,0.9
31845,0.02,0.72
31846,0.13,0.79
31847,0.7,0.71
31848,0.87,0.12
31849,0.04,0.25
31850,0.78,0.02
31851,0.7,0.26
31852,0.14,0.36
31853,0.0,0.95
31854,0.13,0.77
31855,0.05,0.96
31856,0.03,0.06
31857,0.99,0.74
31858,0.06,0.43
31859,0.89,0.73
31860,0.78,0.49
31861,0.79,0.13
31862,0.02,0.11
31863,0.0,0.71
31864,0.0,0.7
31865,0.06,0.72
31866,0.95,0.21
31867,0.12,0.53
31868,0.04,0.23
31869,0.82,0.14
31870,0.06,0.2
31871,0.09,0.98
31872,0.01,0.14
31873,0.06,0.43
31874,0.02,0.22
31875,0.05,0.52
31876,0.01,0.25
31877,0.05,0.16
31878,0.1,0.9
31879,0.03,0.57
31880,0.04,0.07
31881,0.02,0.34
31882,0.14,0.07
31883,0.32,0.4
31884,0.02,0.06
31885,0.65,0.83
31886,0.75,0.32
31887,0.91,0.06
31888,0.02,0.44
31889,0.0,0.88
31890,0.88,0.24
31891,0.71,0.13
31892,0.0,0.84
31893,0.12,0.62
31894,0.03,0.84
31895,0.16,0.1
31896,0.08,0.86
31897,0.01,0.87
31898,0.0,0.16
31899,0.11,0.9
31900,0.77,0.29
31901,0.04,0.43
31902,0.05,0.2
31903,0.06,0.34
31904,0.85,0.05
31905,0.05,0.06
31906,0.68,0.09
31907,0.1,0.81
31908,0.04,0.01
31909,0.01,0.44
31910,0.81,0.69
31911,0.05,1.0
31912,0.05,0.61
31913,0.02,0.31
31914,0.07,0.87
31915,0.1,0.7
31916,0.05,0.89
31917,0.05,0.23
31918,0.02,0.96
31919,0.03,0.46
31920,0.15,0.93
31921,0.03,0.58
31922,0.18,0.07
31923,0.0,0.13
31924,0.01,0.19
31925,0.01,0.96
31926,0.0,0.09
31927,0.84,0.19
31928,0.09,0.91
31929,0.92,0.25
31930,0.05,0.47
31931,0.2,0.89
31932,0.17,0.18
31933,0.02,0.13
31934,0.06,0.19
31935,0.13,1.0
31936,0.09,0.28
31937,0.04,0.42
31938,0.06,0.56
31939,0.07,0.05
31940,0.68,0.2
31941,0.63,0.55
31942,0.8,0.04
31943,0.01,0.19
31944,0.71,0.76
31945,0.0,0.58
31946,0.01,0.14
31947,0.08,0.09
31948,0.13,0.98
31949,0.23,0.34
31950,0.17,0.32
31951,0.01,0.4
31952,0.72,0.26
31953,0.02,0.24
31954,0.19,0.71
31955,0.09,0.25
31956,0.0,0.15
31957,0.02,0.64
31958,0.69,0.05
31959,0.09,0.08
31960,0.05,0.46
31961,0.02,0.05
31962,0.86,0.44
31963,0.08,0.91
31964,0.14,0.07
31965,0.16,1.0
31966,0.03,0.32
31967,0.06,0.11
31968,0.04,0.34
31969,0.75,0.43
31970,0.01,0.49
31971,0.03,0.39
31972,0.77,0.2
31973,0.03,0.32
31974,0.02,0.11
31975,0.17,0.13
31976,0.01,0.35
31977,0.14,0.0
31978,0.73,0.47
31979,0.09,0.01
31980,0.76,0.53
31981,0.1,0.5
31982,0.03,0.21
31983,0.78,0.36
31984,0.11,0.04
31985,0.1,0.06
31986,0.04,0.95
31987,0.14,0.37
31988,0.03,0.66
31989,0.02,0.95
31990,0.01,0.93
31991,0.15,0.65
31992,0.0,0.09
31993,0.06,0.62
31994,0.09,0.09
31995,0.01,0.53
31996,0.76,0.39
31997,0.03,0.86
31998,0.0,0.4
31999,0.87,0.13
32000,0.11,0.86
32001,0.01,0.45
32002,0.11,0.56
32003,0.02,0.42
32004,0.02,0.71
32005,0.2,0.02
32006,0.18,0.66
32007,0.07,0.87
32008,0.06,0.18
32009,0.03,0.25
32010,0.18,0.44
32011,0.13,0.92
32012,0.05,0.86
32013,0.06,0.84
32014,0.1,0.48
32015,0.06,0.29
32016,0.11,0.68
32017,0.13,0.14
32018,0.07,0.01
32019,0.09,0.49
32020,0.04,0.81
32021,0.76,0.33
32022,0.04,0.36
32023,0.18,0.88
32024,0.04,0.19
32025,0.94,0.34
32026,0.05,0.64
32027,0.0,0.88
32028,0.1,0.75
32029,0.13,0.09
32030,0.02,0.36
32031,0.06,0.2
32032,0.05,0.48
32033,0.12,0.26
32034,0.75,0.89
32035,0.88,0.1
32036,0.83,0.9
32037,0.02,0.75
32038,0.04,0.77
32039,0.96,0.5
32040,0.03,0.85
32041,0.79,0.95
32042,0.12,0.55
32043,0.94,0.66
32044,0.07,0.26
32045,0.93,0.87
32046,0.21,0.25
32047,0.07,0.85
